﻿<?xml version="1.0" encoding="utf-8"?>
<TextureAtlas imagePath="freeplaynightmare.png">
	<SubTexture name="idle0000" x="4" y="4" width="207" height="69" frameX="-2" frameY="-2" frameWidth="211" frameHeight="74" />
	<SubTexture name="idle0001" x="215" y="4" width="208" height="72" frameX="-3" frameY="-2" frameWidth="211" frameHeight="74" />
	<SubTexture name="idle0002" x="4" y="80" width="208" height="70" frameX="-1" frameY="-1" frameWidth="211" frameHeight="74" />
	<SubTexture name="idle0003" x="216" y="80" width="208" height="72" frameX="-1" frameY="0" frameWidth="211" frameHeight="74" />
	<SubTexture name="idle0004" x="4" y="4" width="207" height="69" frameX="-3" frameY="-2" frameWidth="211" frameHeight="74" />
	<SubTexture name="idle0005" x="4" y="156" width="208" height="69" frameX="-1" frameY="-1" frameWidth="211" frameHeight="74" />
	<SubTexture name="idle0006" x="216" y="156" width="209" height="71" frameX="0" frameY="-2" frameWidth="211" frameHeight="74" />
	<SubTexture name="idle0007" x="4" y="4" width="207" height="69" frameX="-3" frameY="-1" frameWidth="211" frameHeight="74" />
	<SubTexture name="idle0008" x="4" y="4" width="207" height="69" frameX="-2" frameY="-2" frameWidth="211" frameHeight="74" />
	<SubTexture name="idle0009" x="215" y="4" width="208" height="72" frameX="-3" frameY="-2" frameWidth="211" frameHeight="74" />
	<SubTexture name="idle0010" x="4" y="80" width="208" height="70" frameX="-1" frameY="-1" frameWidth="211" frameHeight="74" />
	<SubTexture name="idle0011" x="216" y="80" width="208" height="72" frameX="-1" frameY="0" frameWidth="211" frameHeight="74" />
	<SubTexture name="idle0012" x="4" y="4" width="207" height="69" frameX="-3" frameY="-2" frameWidth="211" frameHeight="74" />
	<SubTexture name="idle0013" x="4" y="156" width="208" height="69" frameX="-1" frameY="-1" frameWidth="211" frameHeight="74" />
	<SubTexture name="idle0014" x="216" y="156" width="209" height="71" frameX="0" frameY="-2" frameWidth="211" frameHeight="74" />
	<SubTexture name="idle0015" x="4" y="231" width="207" height="69" frameX="-3" frameY="-1" frameWidth="211" frameHeight="74" />
	<SubTexture name="idle0016" x="216" y="80" width="208" height="72" frameX="-1" frameY="0" frameWidth="211" frameHeight="74" />
	<SubTexture name="idle0017" x="4" y="156" width="208" height="69" frameX="-3" frameY="-2" frameWidth="211" frameHeight="74" />
	<SubTexture name="idle0018" x="4" y="80" width="208" height="70" frameX="-1" frameY="-1" frameWidth="211" frameHeight="74" />
	<SubTexture name="idle0019" x="215" y="231" width="209" height="71" frameX="0" frameY="-2" frameWidth="211" frameHeight="74" />
	<SubTexture name="idle0020" x="4" y="4" width="207" height="69" frameX="-3" frameY="-2" frameWidth="211" frameHeight="74" />
	<SubTexture name="idle0021" x="4" y="156" width="208" height="69" frameX="-1" frameY="-1" frameWidth="211" frameHeight="74" />
	<SubTexture name="idle0022" x="4" y="306" width="209" height="72" frameX="-2" frameY="-2" frameWidth="211" frameHeight="74" />
	<SubTexture name="idle0023" x="4" y="4" width="207" height="69" frameX="-3" frameY="-1" frameWidth="211" frameHeight="74" />
	<SubTexture name="idle0024" x="216" y="80" width="208" height="72" frameX="-1" frameY="0" frameWidth="211" frameHeight="74" />
</TextureAtlas>
