{
  "version": "2.2.4",
  "songName": "Game Over",
  "artist": "Kawai Sprite",
  "charter": "aratherlargerodent",
  "divisions": 96,
  "looped": false,
  "offsets": {
    "instrumental": 0,
    "altInstrumentals": {    },
    "vocals": {    },
    "altVocals": {    }
  },
  "playData": {
    "songVariations": [
      "bf"
    ],
    "difficulties": [
      "easy",
      "normal",
      "hard"
    ],
    "characters": {
      "player": "pico-playable",
      "girlfriend": "nene",
      "opponent": "darnell",
      "instrumental": "",
      "altInstrumentals": [      ],
      "opponentVocals": [
        "darnell"
      ],
      "playerVocals": [
        "pico-playable"
      ]
    },
    "stage": "phillyStreets",
    "noteStyle": "funkin",
    "ratings": {
      "easy": 1,
      "hard": 5,
      "normal": 3
    },
    "album": "volume3",
    "previewStart": 0,
    "previewEnd": 15000
  },
  "generatedBy": "Friday Night Funkin' - v0.7.5",
  "timeFormat": "ms",
  "timeChanges": [
    {
      "t": 0,
      "b": 0,
      "bpm": 95,
      "n": 4,
      "d": 4,
      "bt": [
        4,
        4,
        4,
        4
      ]
    }
  ]
}