{
  "version": "2.0.0",
  "scrollSpeed": {
    "easy": 2.4,
    "hard": 2.5,
    "normal": 2.4
  },
  "events": [
    {
      "t": 0,
      "e": "ZoomCamera",
      "v": {
	"ease": "cubeInOut",
	"duration": 0.5,
	"zoom": 1.55,
	"mode": "stage"
}
    },
    {
      "t": 0,
      "e": "PlayAnimation",
      "v": {
	"target": "boyfriend",
	"anim": "cheer",
	"force": true
}
    },
    {
      "t": 0,
      "e": "FocusCamera",
      "v": {
	"duration": 0.5,
	"x": 250,
	"y": 70,
	"char": 0,
	"ease": "cubeInOut"
}
    },
    {
      "t": 473.684210526316,
      "e": "SetCameraBop",
      "v": {
	"rate": 2,
	"intensity": 1.1,
	"offset": 0
}
    },
    {
      "t": 631.578947368421,
      "e": "ZoomCamera",
      "v": {
	"ease": "linear",
	"duration": 0.5,
	"mode": "stage",
	"zoom": 1
}
    },
    {
      "t": 631.578947368421,
      "e": "FocusCamera",
      "v": {
	"duration": 1,
	"x": 0,
	"y": 0,
	"char": 0,
	"ease": "cubeOut"
}
    },
    {
      "t": 1578.94736842105,
      "e": "ZoomCamera",
      "v": {
	"duration": 2.5,
	"ease": "cubeInOut",
	"mode": "stage",
	"zoom": 1.15
}
    },
    {
      "t": 2210.52631578947,
      "e": "ZoomCamera",
      "v": {
	"duration": 0.5,
	"ease": "linear",
	"mode": "stage",
	"zoom": 1
}
    },
    {
      "t": 2210.52631578947,
      "e": "FocusCamera",
      "v": {
	"duration": 4,
	"x": 0,
	"y": 0,
	"ease": "CLASSIC",
	"char": 1
}
    },
    {
      "t": 3000,
      "e": "FocusCamera",
      "v": {
	"duration": 1.5,
	"x": 0,
	"y": 0,
	"char": 0,
	"ease": "elasticInOut"
}
    },
    {
      "t": 4263.15789473684,
      "e": "ZoomCamera",
      "v": {
	"duration": 2.5,
	"ease": "cubeInOut",
	"mode": "stage",
	"zoom": 1.15
}
    },
    {
      "t": 5052.63157894737,
      "e": "ZoomCamera",
      "v": {
	"duration": 0.5,
	"ease": "linear",
	"mode": "stage",
	"zoom": 1
}
    },
    {
      "t": 5052.63157894737,
      "e": "PlayAnimation",
      "v": {
	"target": "boyfriend",
	"anim": "cheer",
	"force": true
}
    },
    {
      "t": 5052.63157894737,
      "e": "FocusCamera",
      "v": {
	"duration": 4,
	"x": 0,
	"y": 0,
	"ease": "CLASSIC",
	"char": 1
}
    },
    {
      "t": 5684.21052631579,
      "e": "FocusCamera",
      "v": {
	"duration": 2,
	"x": 0,
	"y": 0,
	"char": 0,
	"ease": "elasticInOut"
}
    },
    {
      "t": 7578.94736842105,
      "e": "PlayAnimation",
      "v": {
	"target": "boyfriend",
	"anim": "hey",
	"force": true
}
    },
    {
      "t": 7736.84210526316,
      "e": "ZoomCamera",
      "v": {
	"ease": "cubeInOut",
	"duration": 1.5,
	"mode": "stage",
	"zoom": 1
}
    },
    {
      "t": 7894.73684210526,
      "e": "ZoomCamera",
      "v": {
	"ease": "linear",
	"duration": 8,
	"mode": "stage",
	"zoom": 1.75
}
    },
    {
      "t": 7894.73684210526,
      "e": "FocusCamera",
      "v": {
	"duration": 1.5,
	"x": 200,
	"y": 0,
	"char": 0,
	"ease": "CLASSIC"
}
    },
    {
      "t": 9000,
      "e": "FocusCamera",
      "v": {
	"duration": 4,
	"x": 0,
	"y": 0,
	"char": 1,
	"ease": "INSTANT"
}
    },
    {
      "t": 9000,
      "e": "ZoomCamera",
      "v": {
	"ease": "INSTANT",
	"duration": 0,
	"mode": "stage",
	"zoom": 1
}
    },
    {
      "t": 9947.36842105263,
      "e": "FocusCamera",
      "v": {
	"duration": 1.5,
	"x": 160,
	"y": 70,
	"ease": "elasticInOut",
	"char": 0
}
    },
    {
      "t": 9947.36842105263,
      "e": "ZoomCamera",
      "v": {
	"ease": "elasticInOut",
	"duration": 2,
	"mode": "stage",
	"zoom": 1.55
}
    },
    {
      "t": 10105.2631578947,
      "e": "PlayAnimation",
      "v": {
	"target": "boyfriend",
	"anim": "cheer",
	"force": true
}
    },
    {
      "t": 10736.8421052632,
      "e": "ZoomCamera",
      "v": {
	"ease": "linear",
	"duration": 1,
	"mode": "stage",
	"zoom": 1
}
    },
    {
      "t": 10736.8421052632,
      "e": "FocusCamera",
      "v": {
	"duration": 1,
	"x": 0,
	"y": 0,
	"ease": "CLASSIC",
	"char": 1
}
    },
    {
      "t": 12315.7894736842,
      "e": "FocusCamera",
      "v": {
	"duration": 2,
	"x": 0,
	"y": 0,
	"ease": "elasticInOut",
	"char": 0
}
    },
    {
      "t": 12631.5789473684,
      "e": "SetCameraBop",
      "v": {
	"rate": 1,
	"intensity": 1.3,
	"offset": 0
}
    },
    {
      "t": 13894.7368421053,
      "e": "ZoomCamera",
      "v": {
	"ease": "linear",
	"duration": 4,
	"mode": "stage",
	"zoom": 1.5
}
    },
    {
      "t": 13894.7368421053,
      "e": "FocusCamera",
      "v": {
	"duration": 4,
	"x": 190,
	"y": 0,
	"char": 0,
	"ease": "linear"
}
    },
    {
      "t": 14526.3157894737,
      "e": "ZoomCamera",
      "v": {
	"ease": "linear",
	"duration": 0.5,
	"mode": "stage",
	"zoom": 1
}
    },
    {
      "t": 14526.3157894737,
      "e": "FocusCamera",
      "v": {
	"duration": 0.5,
	"x": 0,
	"y": 0,
	"char": 0,
	"ease": "linear"
}
    },
    {
      "t": 15157.8947368421,
      "e": "PlayAnimation",
      "v": {
	"target": "boyfriend",
	"anim": "cheer",
	"force": true
}
    },
    {
      "t": 15157.8947368421,
      "e": "SetCameraBop",
      "v": {
	"rate": 1,
	"intensity": 1,
	"offset": 0
}
    },
    {
      "t": 15473.6842105263,
      "e": "ZoomCamera",
      "v": {
	"ease": "linear",
	"duration": 4,
	"mode": "stage",
	"zoom": 0.9
}
    },
    {
      "t": 15473.6842105263,
      "e": "FocusCamera",
      "v": {
	"duration": 0.5,
	"x": 0,
	"y": 0,
	"char": 2,
	"ease": "CLASSIC"
}
    },
    {
      "t": 17684.2105263158,
      "e": "FocusCamera",
      "v": {
	"duration": 4,
	"x": 0,
	"y": 0,
	"char": 1,
	"ease": "CLASSIC"
}
    },
    {
      "t": 17684.2105263158,
      "e": "ZoomCamera",
      "v": {
	"ease": "linear",
	"duration": 4,
	"mode": "stage",
	"zoom": 1
}
    },
    {
      "t": 17684.2105263158,
      "e": "SetCameraBop",
      "v": {
	"rate": 2,
	"intensity": 1.2,
	"offset": 0
}
    },
    {
      "t": 19263.1578947368,
      "e": "FocusCamera",
      "v": {
	"duration": 4,
	"x": 0,
	"y": 0,
	"char": 0,
	"ease": "CLASSIC"
}
    },
    {
      "t": 20210.5263157895,
      "e": "FocusCamera",
      "v": {
	"duration": 4,
	"x": 0,
	"y": 40,
	"ease": "CLASSIC",
	"char": 2
}
    },
    {
      "t": 20210.5263157895,
      "e": "SetCameraBop",
      "v": {
	"rate": 1,
	"intensity": 1.3,
	"offset": 0
}
    },
    {
      "t": 20210.5263157895,
      "e": "PlayAnimation",
      "v": {
	"force": true,
	"anim": "hey",
	"target": "boyfriend"
}
    },
    {
      "t": 20210.5263157895,
      "e": "ZoomCamera",
      "v": {
	"duration": 4,
	"ease": "linear",
	"mode": "stage",
	"zoom": 0.95
}
    },
    {
      "t": 20842.1052631579,
      "e": "PlayAnimation",
      "v": {
	"force": true,
	"anim": "hey",
	"target": "boyfriend"
}
    },
    {
      "t": 21473.6842105263,
      "e": "PlayAnimation",
      "v": {
	"target": "boyfriend",
	"anim": "hey",
	"force": true
}
    },
    {
      "t": 21473.6842105263,
      "e": "SetCameraBop",
      "v": {
	"rate": 2,
	"intensity": 1.4,
	"offset": 0
}
    },
    {
      "t": 24947.3684210526,
      "e": "FocusCamera",
      "v": {
	"duration": 4,
	"x": 0,
	"y": 0,
	"ease": "CLASSIC",
	"char": 1
}
    },
    {
      "t": 25263.1578947368,
      "e": "FocusCamera",
      "v": {
	"duration": 2.5,
	"x": 0,
	"y": 0,
	"ease": "CLASSIC",
	"char": 0
}
    },
    {
      "t": 26526.3157894737,
      "e": "SetCameraBop",
      "v": {
	"rate": 1,
	"intensity": 1.3,
	"offset": 0
}
    },
    {
      "t": 27157.8947368421,
      "e": "ZoomCamera",
      "v": {
	"ease": "linear",
	"duration": 18,
	"mode": "stage",
	"zoom": 2
}
    },
    {
      "t": 27157.8947368421,
      "e": "FocusCamera",
      "v": {
	"duration": 15,
	"x": 300,
	"y": 60,
	"char": 0,
	"ease": "CLASSIC"
}
    },
    {
      "t": 29052.6315789474,
      "e": "SetCameraBop",
      "v": {
	"rate": 2,
	"intensity": 1.3,
	"offset": 0
}
    },
    {
      "t": 29526.3157894737,
      "e": "ZoomCamera",
      "v": {
	"duration": 3.5,
	"ease": "cubeInOut",
	"mode": "stage",
	"zoom": 0.95
}
    },
    {
      "t": 29526.3157894737,
      "e": "FocusCamera",
      "v": {
	"duration": 4,
	"x": 0,
	"y": 40,
	"ease": "CLASSIC",
	"char": 2
}
    },
    {
      "t": 30315.7894736842,
      "e": "PlayAnimation",
      "v": {
	"force": true,
	"anim": "cheer",
	"target": "boyfriend"
}
    },
    {
      "t": 30315.7894736842,
      "e": "SetCameraBop",
      "v": {
	"rate": 1,
	"intensity": 1.3,
	"offset": 0
}
    },
    {
      "t": 30947.3684210526,
      "e": "PlayAnimation",
      "v": {
	"force": true,
	"anim": "cheer",
	"target": "boyfriend"
}
    },
    {
      "t": 31578.9473684211,
      "e": "PlayAnimation",
      "v": {
	"force": true,
	"anim": "cheer",
	"target": "boyfriend"
}
    },
    {
      "t": 31578.9473684211,
      "e": "SetCameraBop",
      "v": {
	"rate": 2,
	"intensity": 1.4,
	"offset": 0
}
    },
    {
      "t": 35052.6315789474,
      "e": "FocusCamera",
      "v": {
	"duration": 4,
	"x": 0,
	"y": 0,
	"ease": "CLASSIC",
	"char": 1
}
    },
    {
      "t": 35368.4210526316,
      "e": "FocusCamera",
      "v": {
	"duration": 2.5,
	"x": 0,
	"y": 0,
	"ease": "CLASSIC",
	"char": 0
}
    },
    {
      "t": 36631.5789473684,
      "e": "SetCameraBop",
      "v": {
	"rate": 2,
	"intensity": 1.3,
	"offset": 0
}
    },
    {
      "t": 36947.3684210526,
      "e": "FocusCamera",
      "v": {
	"duration": 2.5,
	"x": 0,
	"y": 0,
	"ease": "CLASSIC",
	"char": 1
}
    },
    {
      "t": 36947.3684210526,
      "e": "PlayAnimation",
      "v": {
	"target": "dad",
	"anim": "pissed",
	"force": true
}
    },
    {
      "t": 38684.2105263158,
      "e": "FocusCamera",
      "v": {
	"duration": 4,
	"x": 0,
	"y": 0,
	"ease": "CLASSIC",
	"char": 0
}
    },
    {
      "t": 39789.4736842105,
      "e": "PlayAnimation",
      "v": {
	"target": "boyfriend",
	"anim": "cheer",
	"force": true
}
    }
  ],
  "notes": {
    "easy": [    ],
    "hard": [
      {
        "t": 631.578947368421,
        "d": 2,
        "l": 0,
        "p": [        ]
      },
      {
        "t": 789.473684210526,
        "d": 3,
        "l": 157.894736842105,
        "p": [        ]
      },
      {
        "t": 947.368421052632,
        "d": 1,
        "l": 0,
        "p": [        ]
      },
      {
        "t": 1105.26315789474,
        "d": 0,
        "l": 0,
        "p": [        ]
      },
      {
        "t": 1263.15789473684,
        "d": 2,
        "l": 0,
        "p": [        ]
      },
      {
        "t": 1421.05263157895,
        "d": 1,
        "l": 0,
        "p": [        ]
      },
      {
        "t": 1421.05263157895,
        "d": 0,
        "l": 157.894736842105,
        "p": [        ]
      },
      {
        "t": 1736.84210526316,
        "d": 2,
        "l": 315.789473684211,
        "p": [        ]
      },
      {
        "t": 1736.84210526316,
        "d": 3,
        "l": 315.789473684211,
        "p": [        ]
      },
      {
        "t": 2526.31578947368,
        "d": 2,
        "l": 0,
        "p": [        ]
      },
      {
        "t": 2526.31578947368,
        "d": 4,
        "l": 0,
        "p": [        ]
      },
      {
        "t": 2526.31578947368,
        "d": 0,
        "l": 0,
        "p": [        ]
      },
      {
        "t": 2684.21052631579,
        "d": 4,
        "l": 0,
        "p": [        ]
      },
      {
        "t": 2684.21052631579,
        "d": 3,
        "l": 0,
        "p": [        ]
      },
      {
        "t": 2684.21052631579,
        "d": 1,
        "l": 0,
        "p": [        ]
      },
      {
        "t": 2842.10526315789,
        "d": 2,
        "l": 157.894736842105,
        "p": [        ]
      },
      {
        "t": 2842.10526315789,
        "d": 6,
        "l": 315.789473684211,
        "p": [        ]
      },
      {
        "t": 3157.8947368421,
        "d": 0,
        "l": 0,
        "p": [        ]
      },
      {
        "t": 3157.8947368421,
        "d": 1,
        "l": 157.894736842105,
        "p": [        ]
      },
      {
        "t": 3631.57894736842,
        "d": 3,
        "l": 0,
        "p": [        ]
      },
      {
        "t": 3789.47368421053,
        "d": 1,
        "l": 0,
        "p": [        ]
      },
      {
        "t": 3789.47368421053,
        "d": 2,
        "l": 0,
        "p": [        ]
      },
      {
        "t": 4105.26315789474,
        "d": 0,
        "l": 0,
        "p": [        ]
      },
      {
        "t": 4263.15789473684,
        "d": 1,
        "l": 0,
        "p": [        ]
      },
      {
        "t": 4421.05263157895,
        "d": 3,
        "l": 0,
        "p": [        ]
      },
      {
        "t": 4421.05263157895,
        "d": 2,
        "l": 315.78947368421,
        "p": [        ]
      },
      {
        "t": 4736.84210526316,
        "d": 2,
        "l": 0,
        "p": [        ]
      },
      {
        "t": 5052.63157894737,
        "d": 4,
        "l": 0,
        "p": [        ]
      },
      {
        "t": 5210.52631578947,
        "d": 7,
        "l": 0,
        "p": [        ]
      },
      {
        "t": 5368.42105263158,
        "d": 7,
        "l": 157.894736842105,
        "p": [        ]
      },
      {
        "t": 5684.21052631579,
        "d": 0,
        "l": 0,
        "p": [        ]
      },
      {
        "t": 5684.21052631579,
        "d": 2,
        "l": 0,
        "p": [        ]
      },
      {
        "t": 5842.1052631579,
        "d": 1,
        "l": 0,
        "p": [        ]
      },
      {
        "t": 5842.1052631579,
        "d": 3,
        "l": 0,
        "p": [        ]
      },
      {
        "t": 6000,
        "d": 2,
        "l": 157.894736842105,
        "p": [        ]
      },
      {
        "t": 6631.57894736842,
        "d": 1,
        "l": 315.789473684211,
        "p": [        ]
      },
      {
        "t": 6947.36842105263,
        "d": 2,
        "l": 0,
        "p": [        ]
      },
      {
        "t": 6947.36842105263,
        "d": 3,
        "l": 0,
        "p": [        ]
      },
      {
        "t": 7263.15789473684,
        "d": 1,
        "l": 0,
        "p": [        ]
      },
      {
        "t": 7263.15789473684,
        "d": 0,
        "l": 0,
        "p": [        ]
      },
      {
        "t": 7736.84210526316,
        "d": 5,
        "l": 0,
        "p": [        ]
      },
      {
        "t": 7894.73684210526,
        "d": 3,
        "l": 0,
        "p": [        ]
      },
      {
        "t": 7894.73684210526,
        "d": 4,
        "l": 0,
        "p": [        ]
      },
      {
        "t": 7894.73684210526,
        "d": 0,
        "l": 0,
        "p": [        ]
      },
      {
        "t": 8052.63157894737,
        "d": 2,
        "l": 0,
        "p": [        ]
      },
      {
        "t": 8210.52631578947,
        "d": 1,
        "l": 0,
        "p": [        ]
      },
      {
        "t": 8368.42105263158,
        "d": 0,
        "l": 157.894736842104,
        "p": [        ]
      },
      {
        "t": 8526.31578947368,
        "d": 3,
        "l": 0,
        "p": [        ]
      },
      {
        "t": 8684.21052631579,
        "d": 2,
        "l": 0,
        "p": [        ]
      },
      {
        "t": 8842.1052631579,
        "d": 0,
        "l": 157.894736842105,
        "p": [        ]
      },
      {
        "t": 8842.1052631579,
        "d": 1,
        "l": 0,
        "p": [        ]
      },
      {
        "t": 9000,
        "d": 5,
        "l": 473.684210526315,
        "p": [        ]
      },
      {
        "t": 9657.8947368421,
        "d": 6,
        "l": 0,
        "p": [        ]
      },
      {
        "t": 9881.57894736842,
        "d": 4,
        "l": 0,
        "p": [        ]
      },
      {
        "t": 9986.84210526316,
        "d": 4,
        "l": 0,
        "p": [        ]
      },
      {
        "t": 10105.2631578947,
        "d": 7,
        "l": 0,
        "p": [        ]
      },
      {
        "t": 10736.8421052632,
        "d": 3,
        "l": 0,
        "p": [        ]
      },
      {
        "t": 10736.8421052632,
        "d": 0,
        "l": 0,
        "p": [        ]
      },
      {
        "t": 10736.8421052632,
        "d": 1,
        "l": 0,
        "p": [        ]
      },
      {
        "t": 10736.8421052632,
        "d": 2,
        "l": 0,
        "p": [        ]
      },
      {
        "t": 11052.6315789474,
        "d": 6,
        "l": 0,
        "p": [        ]
      },
      {
        "t": 11052.6315789474,
        "d": 4,
        "l": 0,
        "p": [        ]
      },
      {
        "t": 11368.4210526316,
        "d": 5,
        "l": 0,
        "p": [        ]
      },
      {
        "t": 11368.4210526316,
        "d": 0,
        "l": 0,
        "p": [        ]
      },
      {
        "t": 11526.3157894737,
        "d": 4,
        "l": 0,
        "p": [        ]
      },
      {
        "t": 11526.3157894737,
        "d": 7,
        "l": 0,
        "p": [        ]
      },
      {
        "t": 11526.3157894737,
        "d": 3,
        "l": 0,
        "p": [        ]
      },
      {
        "t": 11526.3157894737,
        "d": 2,
        "l": 0,
        "p": [        ]
      },
      {
        "t": 11684.2105263158,
        "d": 0,
        "l": 157.894736842105,
        "p": [        ]
      },
      {
        "t": 12000,
        "d": 2,
        "l": 0,
        "p": [        ]
      },
      {
        "t": 12000,
        "d": 3,
        "l": 0,
        "p": [        ]
      },
      {
        "t": 12000,
        "d": 6,
        "l": 0,
        "p": [        ]
      },
      {
        "t": 12315.7894736842,
        "d": 1,
        "l": 157.894736842105,
        "p": [        ]
      },
      {
        "t": 12631.5789473684,
        "d": 3,
        "l": 0,
        "p": [        ]
      },
      {
        "t": 12789.4736842105,
        "d": 2,
        "l": 0,
        "p": [        ]
      },
      {
        "t": 12947.3684210526,
        "d": 1,
        "l": 0,
        "p": [        ]
      },
      {
        "t": 13105.2631578947,
        "d": 0,
        "l": 0,
        "p": [        ]
      },
      {
        "t": 13263.1578947368,
        "d": 3,
        "l": 0,
        "p": [        ]
      },
      {
        "t": 13421.0526315789,
        "d": 2,
        "l": 0,
        "p": [        ]
      },
      {
        "t": 13578.9473684211,
        "d": 1,
        "l": 0,
        "p": [        ]
      },
      {
        "t": 13736.8421052632,
        "d": 0,
        "l": 0,
        "p": [        ]
      },
      {
        "t": 13894.7368421053,
        "d": 3,
        "l": 315.789473684211,
        "p": [        ]
      },
      {
        "t": 13894.7368421053,
        "d": 1,
        "l": 315.789473684211,
        "p": [        ]
      },
      {
        "t": 14526.3157894737,
        "d": 3,
        "l": 0,
        "p": [        ]
      },
      {
        "t": 14526.3157894737,
        "d": 0,
        "l": 0,
        "p": [        ]
      },
      {
        "t": 14526.3157894737,
        "d": 2,
        "l": 0,
        "p": [        ]
      },
      {
        "t": 14526.3157894737,
        "d": 1,
        "l": 0,
        "p": [        ]
      },
      {
        "t": 15473.6842105263,
        "d": 4,
        "l": 0,
        "p": [        ]
      },
      {
        "t": 15473.6842105263,
        "d": 3,
        "l": 157.894736842105,
        "p": [        ]
      },
      {
        "t": 15631.5789473684,
        "d": 4,
        "l": 0,
        "p": [        ]
      },
      {
        "t": 15631.5789473684,
        "d": 2,
        "l": 0,
        "p": [        ]
      },
      {
        "t": 15789.4736842105,
        "d": 6,
        "l": 0,
        "p": [        ]
      },
      {
        "t": 15789.4736842105,
        "d": 1,
        "l": 0,
        "p": [        ]
      },
      {
        "t": 15947.3684210526,
        "d": 0,
        "l": 0,
        "p": [        ]
      },
      {
        "t": 15947.3684210526,
        "d": 6,
        "l": 0,
        "p": [        ]
      },
      {
        "t": 16105.2631578947,
        "d": 3,
        "l": 157.894736842105,
        "p": [        ]
      },
      {
        "t": 16263.1578947368,
        "d": 2,
        "l": 0,
        "p": [        ]
      },
      {
        "t": 16421.0526315789,
        "d": 1,
        "l": 0,
        "p": [        ]
      },
      {
        "t": 16421.0526315789,
        "d": 0,
        "l": 0,
        "p": [        ]
      },
      {
        "t": 16736.8421052632,
        "d": 2,
        "l": 157.894736842105,
        "p": [        ]
      },
      {
        "t": 16736.8421052632,
        "d": 5,
        "l": 0,
        "p": [        ]
      },
      {
        "t": 16894.7368421053,
        "d": 1,
        "l": 0,
        "p": [        ]
      },
      {
        "t": 16894.7368421053,
        "d": 5,
        "l": 0,
        "p": [        ]
      },
      {
        "t": 17052.6315789474,
        "d": 6,
        "l": 0,
        "p": [        ]
      },
      {
        "t": 17052.6315789474,
        "d": 2,
        "l": 0,
        "p": [        ]
      },
      {
        "t": 17210.5263157895,
        "d": 3,
        "l": 0,
        "p": [        ]
      },
      {
        "t": 17210.5263157895,
        "d": 7,
        "l": 0,
        "p": [        ]
      },
      {
        "t": 17368.4210526316,
        "d": 5,
        "l": 0,
        "p": [        ]
      },
      {
        "t": 17368.4210526316,
        "d": 4,
        "l": 0,
        "p": [        ]
      },
      {
        "t": 17368.4210526316,
        "d": 0,
        "l": 0,
        "p": [        ]
      },
      {
        "t": 17368.4210526316,
        "d": 1,
        "l": 0,
        "p": [        ]
      },
      {
        "t": 17684.2105263158,
        "d": 6,
        "l": 0,
        "p": [        ]
      },
      {
        "t": 17684.2105263158,
        "d": 0,
        "l": 0,
        "p": [        ]
      },
      {
        "t": 17842.1052631579,
        "d": 1,
        "l": 0,
        "p": [        ]
      },
      {
        "t": 17842.1052631579,
        "d": 6,
        "l": 0,
        "p": [        ]
      },
      {
        "t": 18000,
        "d": 3,
        "l": 0,
        "p": [        ]
      },
      {
        "t": 18000,
        "d": 6,
        "l": 157.894736842103,
        "p": [        ]
      },
      {
        "t": 18157.8947368421,
        "d": 2,
        "l": 0,
        "p": [        ]
      },
      {
        "t": 18315.7894736842,
        "d": 1,
        "l": 0,
        "p": [        ]
      },
      {
        "t": 18315.7894736842,
        "d": 4,
        "l": 0,
        "p": [        ]
      },
      {
        "t": 18473.6842105263,
        "d": 5,
        "l": 0,
        "p": [        ]
      },
      {
        "t": 18631.5789473684,
        "d": 7,
        "l": 473.684210526316,
        "p": [        ]
      },
      {
        "t": 19263.1578947368,
        "d": 1,
        "l": 157.894736842103,
        "p": [        ]
      },
      {
        "t": 19263.1578947368,
        "d": 4,
        "l": 157.894736842103,
        "p": [        ]
      },
      {
        "t": 19578.9473684211,
        "d": 0,
        "l": 157.894736842103,
        "p": [        ]
      },
      {
        "t": 19578.9473684211,
        "d": 7,
        "l": 0,
        "p": [        ]
      },
      {
        "t": 19578.9473684211,
        "d": 2,
        "l": 0,
        "p": [        ]
      },
      {
        "t": 19894.7368421053,
        "d": 3,
        "l": 157.894736842103,
        "p": [        ]
      },
      {
        "t": 19894.7368421053,
        "d": 1,
        "l": 0,
        "p": [        ]
      },
      {
        "t": 22105.2631578947,
        "d": 3,
        "l": 315.789473684211,
        "p": [        ]
      },
      {
        "t": 22421.0526315789,
        "d": 0,
        "l": 315.789473684211,
        "p": [        ]
      },
      {
        "t": 22736.8421052632,
        "d": 3,
        "l": 315.789473684211,
        "p": [        ]
      },
      {
        "t": 23052.6315789474,
        "d": 0,
        "l": 315.789473684211,
        "p": [        ]
      },
      {
        "t": 23368.4210526316,
        "d": 3,
        "l": 315.789473684211,
        "p": [        ]
      },
      {
        "t": 23684.2105263158,
        "d": 0,
        "l": 315.789473684211,
        "p": [        ]
      },
      {
        "t": 24947.3684210526,
        "d": 2,
        "l": 157.894736842105,
        "p": [        ]
      },
      {
        "t": 24947.3684210526,
        "d": 4,
        "l": 0,
        "p": [        ]
      },
      {
        "t": 25105.2631578947,
        "d": 1,
        "l": 157.894736842105,
        "p": [        ]
      },
      {
        "t": 25105.2631578947,
        "d": 5,
        "l": 0,
        "p": [        ]
      },
      {
        "t": 25263.1578947368,
        "d": 2,
        "l": 157.894736842105,
        "p": [        ]
      },
      {
        "t": 25263.1578947368,
        "d": 7,
        "l": 0,
        "p": [        ]
      },
      {
        "t": 25421.0526315789,
        "d": 1,
        "l": 157.894736842105,
        "p": [        ]
      },
      {
        "t": 25421.0526315789,
        "d": 6,
        "l": 0,
        "p": [        ]
      },
      {
        "t": 25578.9473684211,
        "d": 2,
        "l": 157.894736842105,
        "p": [        ]
      },
      {
        "t": 25736.8421052632,
        "d": 1,
        "l": 157.894736842105,
        "p": [        ]
      },
      {
        "t": 25894.7368421053,
        "d": 2,
        "l": 157.894736842105,
        "p": [        ]
      },
      {
        "t": 26052.6315789474,
        "d": 1,
        "l": 157.894736842105,
        "p": [        ]
      },
      {
        "t": 26842.1052631579,
        "d": 1,
        "l": 157.894736842105,
        "p": [        ]
      },
      {
        "t": 27157.8947368421,
        "d": 2,
        "l": 315.789473684211,
        "p": [        ]
      },
      {
        "t": 27157.8947368421,
        "d": 0,
        "l": 315.789473684211,
        "p": [        ]
      },
      {
        "t": 27473.6842105263,
        "d": 3,
        "l": 315.789473684211,
        "p": [        ]
      },
      {
        "t": 27473.6842105263,
        "d": 1,
        "l": 315.789473684211,
        "p": [        ]
      },
      {
        "t": 27789.4736842105,
        "d": 2,
        "l": 315.789473684211,
        "p": [        ]
      },
      {
        "t": 27789.4736842105,
        "d": 0,
        "l": 315.789473684211,
        "p": [        ]
      },
      {
        "t": 28105.2631578947,
        "d": 3,
        "l": 315.789473684211,
        "p": [        ]
      },
      {
        "t": 28105.2631578947,
        "d": 1,
        "l": 315.789473684211,
        "p": [        ]
      },
      {
        "t": 28421.0526315789,
        "d": 0,
        "l": 315.789473684211,
        "p": [        ]
      },
      {
        "t": 28421.0526315789,
        "d": 2,
        "l": 315.789473684211,
        "p": [        ]
      },
      {
        "t": 28736.8421052632,
        "d": 1,
        "l": 315.789473684211,
        "p": [        ]
      },
      {
        "t": 28736.8421052632,
        "d": 3,
        "l": 315.789473684211,
        "p": [        ]
      },
      {
        "t": 29052.6315789474,
        "d": 0,
        "l": 315.789473684211,
        "p": [        ]
      },
      {
        "t": 29052.6315789474,
        "d": 2,
        "l": 315.789473684211,
        "p": [        ]
      },
      {
        "t": 32210.5263157895,
        "d": 3,
        "l": 315.789473684211,
        "p": [        ]
      },
      {
        "t": 32526.3157894737,
        "d": 0,
        "l": 315.789473684211,
        "p": [        ]
      },
      {
        "t": 32842.1052631579,
        "d": 3,
        "l": 315.789473684211,
        "p": [        ]
      },
      {
        "t": 33157.8947368421,
        "d": 0,
        "l": 315.789473684211,
        "p": [        ]
      },
      {
        "t": 33473.6842105263,
        "d": 3,
        "l": 315.789473684211,
        "p": [        ]
      },
      {
        "t": 35052.6315789474,
        "d": 2,
        "l": 157.894736842105,
        "p": [        ]
      },
      {
        "t": 35052.6315789474,
        "d": 4,
        "l": 0,
        "p": [        ]
      },
      {
        "t": 35210.5263157895,
        "d": 1,
        "l": 157.894736842105,
        "p": [        ]
      },
      {
        "t": 35210.5263157895,
        "d": 5,
        "l": 0,
        "p": [        ]
      },
      {
        "t": 35368.4210526316,
        "d": 2,
        "l": 157.89473684211,
        "p": [        ]
      },
      {
        "t": 35368.4210526316,
        "d": 7,
        "l": 0,
        "p": [        ]
      },
      {
        "t": 35526.3157894737,
        "d": 1,
        "l": 157.894736842096,
        "p": [        ]
      },
      {
        "t": 35526.3157894737,
        "d": 6,
        "l": 0,
        "p": [        ]
      },
      {
        "t": 35684.2105263158,
        "d": 2,
        "l": 157.89473684211,
        "p": [        ]
      },
      {
        "t": 35842.1052631579,
        "d": 1,
        "l": 157.894736842105,
        "p": [        ]
      },
      {
        "t": 36000,
        "d": 2,
        "l": 157.894736842105,
        "p": [        ]
      },
      {
        "t": 36157.8947368421,
        "d": 1,
        "l": 157.894736842105,
        "p": [        ]
      },
      {
        "t": 36947.3684210526,
        "d": 1,
        "l": 157.894736842105,
        "p": [        ]
      },
      {
        "t": 37263.1578947368,
        "d": 0,
        "l": 315.789473684211,
        "p": [        ]
      },
      {
        "t": 37263.1578947368,
        "d": 2,
        "l": 315.789473684211,
        "p": [        ]
      },
      {
        "t": 37578.9473684211,
        "d": 1,
        "l": 315.789473684211,
        "p": [        ]
      },
      {
        "t": 37578.9473684211,
        "d": 3,
        "l": 315.789473684211,
        "p": [        ]
      },
      {
        "t": 37894.7368421053,
        "d": 2,
        "l": 315.789473684211,
        "p": [        ]
      },
      {
        "t": 37894.7368421053,
        "d": 0,
        "l": 315.789473684211,
        "p": [        ]
      },
      {
        "t": 38210.5263157895,
        "d": 1,
        "l": 315.789473684211,
        "p": [        ]
      },
      {
        "t": 38210.5263157895,
        "d": 3,
        "l": 315.789473684211,
        "p": [        ]
      },
      {
        "t": 38526.3157894737,
        "d": 0,
        "l": 315.789473684211,
        "p": [        ]
      },
      {
        "t": 38526.3157894737,
        "d": 2,
        "l": 315.789473684211,
        "p": [        ]
      },
      {
        "t": 38842.1052631579,
        "d": 1,
        "l": 315.789473684211,
        "p": [        ]
      },
      {
        "t": 38842.1052631579,
        "d": 3,
        "l": 315.789473684211,
        "p": [        ]
      },
      {
        "t": 39157.8947368421,
        "d": 2,
        "l": 315.789473684211,
        "p": [        ]
      },
      {
        "t": 39157.8947368421,
        "d": 0,
        "l": 315.789473684211,
        "p": [        ]
      }
    ],
    "normal": [    ]
  },
  "generatedBy": "Friday Night Funkin' - v0.7.5"
}