{
  "version": "2.0.0",
  "scrollSpeed": {
    "easy": 2,
    "hard": 2.4,
    "normal": 2
  },
  "events": [
    {
      "t": 0,
      "e": "ZoomCamera",
      "v": {
	"ease": "linear",
	"duration": 4,
	"zoom": 1.75,
	"mode": "stage"
}
    },
    {
      "t": 0,
      "e": "PlayAnimation",
      "v": {
	"target": "boyfriend",
	"anim": "cheer",
	"force": true
}
    },
    {
      "t": 0,
      "e": "FocusCamera",
      "v": {
	"duration": 0.5,
	"x": 300,
	"y": 0,
	"ease": "cubeInOut",
	"char": 0
}
    },
    {
      "t": 315.789473684211,
      "e": "ZoomCamera",
      "v": {
	"ease": "linear",
	"duration": 2.5,
	"zoom": 1,
	"mode": "stage"
}
    },
    {
      "t": 315.789473684211,
      "e": "FocusCamera",
      "v": {
	"duration": 4,
	"x": 0,
	"y": 0,
	"char": 1,
	"ease": "elasticInOut"
}
    },
    {
      "t": 2368.42105263158,
      "e": "FocusCamera",
      "v": {
	"x": 0,
	"duration": 3.5,
	"y": 0,
	"char": 0,
	"ease": "cubeInOut"
}
    },
    {
      "t": 4894.73684210526,
      "e": "FocusCamera",
      "v": {
	"duration": 2,
	"x": 320,
	"y": 0,
	"ease": "cubeInOut",
	"char": 0
}
    },
    {
      "t": 4894.73684210526,
      "e": "FocusCamera",
      "v": {
	"x": 320,
	"duration": 2,
	"y": 0,
	"char": 0,
	"ease": "cubeInOut"
}
    },
    {
      "t": 4894.73684210526,
      "e": "ZoomCamera",
      "v": {
	"ease": "cubeInOut",
	"duration": 2,
	"zoom": 1.4,
	"mode": "stage"
}
    },
    {
      "t": 5052.63157894737,
      "e": "PlayAnimation",
      "v": {
	"target": "boyfriend",
	"anim": "cheer",
	"force": true
}
    },
    {
      "t": 5368.42105263158,
      "e": "ZoomCamera",
      "v": {
	"duration": 2.5,
	"ease": "linear",
	"zoom": 1,
	"mode": "stage"
}
    },
    {
      "t": 5368.42105263158,
      "e": "FocusCamera",
      "v": {
	"duration": 2.5,
	"x": 0,
	"y": 0,
	"char": 1,
	"ease": "elasticInOut"
}
    },
    {
      "t": 7736.84210526316,
      "e": "FocusCamera",
      "v": {
	"duration": 4,
	"x": 0,
	"y": 0,
	"char": 0,
	"ease": "CLASSIC"
}
    },
    {
      "t": 9157.8947368421,
      "e": "FocusCamera",
      "v": {
	"duration": 4,
	"x": 0,
	"y": 0,
	"char": 1,
	"ease": "CLASSIC"
}
    },
    {
      "t": 9947.36842105263,
      "e": "ZoomCamera",
      "v": {
	"ease": "cubeInOut",
	"duration": 2,
	"zoom": 1.4,
	"mode": "stage"
}
    },
    {
      "t": 9947.36842105263,
      "e": "FocusCamera",
      "v": {
	"x": 320,
	"duration": 1.5,
	"y": 0,
	"char": 0,
	"ease": "elasticInOut"
}
    },
    {
      "t": 10105.2631578947,
      "e": "PlayAnimation",
      "v": {
	"target": "boyfriend",
	"anim": "cheer",
	"force": true
}
    },
    {
      "t": 10421.0526315789,
      "e": "FocusCamera",
      "v": {
	"x": 0,
	"duration": 1,
	"y": 0,
	"ease": "cubeInOut",
	"char": 0
}
    },
    {
      "t": 10421.0526315789,
      "e": "ZoomCamera",
      "v": {
	"ease": "elasticInOut",
	"duration": 0.5,
	"zoom": 1,
	"mode": "stage"
}
    },
    {
      "t": 11052.6315789474,
      "e": "FocusCamera",
      "v": {
	"duration": 4,
	"x": 0,
	"y": 0,
	"char": 1,
	"ease": "CLASSIC"
}
    },
    {
      "t": 14842.1052631579,
      "e": "FocusCamera",
      "v": {
	"duration": 3.5,
	"x": 320,
	"y": 0,
	"ease": "elasticInOut",
	"char": 0
}
    },
    {
      "t": 15000,
      "e": "ZoomCamera",
      "v": {
	"duration": 2,
	"ease": "cubeInOut",
	"mode": "stage",
	"zoom": 1.4
}
    },
    {
      "t": 15157.8947368421,
      "e": "PlayAnimation",
      "v": {
	"target": "boyfriend",
	"anim": "cheer",
	"force": true
}
    },
    {
      "t": 15473.6842105263,
      "e": "ZoomCamera",
      "v": {
	"duration": 5,
	"ease": "cubeInOut",
	"mode": "stage",
	"zoom": 1
}
    },
    {
      "t": 15473.6842105263,
      "e": "FocusCamera",
      "v": {
	"duration": 5,
	"x": 0,
	"y": 0,
	"ease": "CLASSIC",
	"char": 0
}
    },
    {
      "t": 17684.2105263158,
      "e": "FocusCamera",
      "v": {
	"duration": 4,
	"x": 0,
	"y": 0,
	"char": 1,
	"ease": "CLASSIC"
}
    },
    {
      "t": 19894.7368421053,
      "e": "FocusCamera",
      "v": {
	"duration": 4,
	"x": 50,
	"y": 0,
	"ease": "elasticInOut",
	"char": 2
}
    },
    {
      "t": 19894.7368421053,
      "e": "ZoomCamera",
      "v": {
	"duration": 4,
	"ease": "elasticInOut",
	"mode": "stage",
	"zoom": 0.95
}
    },
    {
      "t": 20368.4210526316,
      "e": "PlayAnimation",
      "v": {
	"target": "gf",
	"anim": "laughCutscene",
	"force": true
}
    },
    {
      "t": 20526.3157894737,
      "e": "PlayAnimation",
      "v": {
	"force": true,
	"anim": "laughCutscene",
	"target": "dad"
}
    },
    {
      "t": 22105.2631578947,
      "e": "ZoomCamera",
      "v": {
	"duration": 4,
	"ease": "linear",
	"zoom": 1.2,
	"mode": "stage"
}
    },
    {
      "t": 22105.2631578947,
      "e": "FocusCamera",
      "v": {
	"duration": 4,
	"x": 100,
	"y": 0,
	"ease": "CLASSIC",
	"char": 0
}
    },
    {
      "t": 23842.1052631579,
      "e": "ZoomCamera",
      "v": {
	"duration": 1.5,
	"ease": "linear",
	"zoom": 0.95,
	"mode": "stage"
}
    },
    {
      "t": 23842.1052631579,
      "e": "FocusCamera",
      "v": {
	"duration": 2.5,
	"x": 50,
	"y": 0,
	"ease": "CLASSIC",
	"char": 2
}
    },
    {
      "t": 24947.3684210526,
      "e": "FocusCamera",
      "v": {
	"duration": 4,
	"x": -100,
	"y": 0,
	"ease": "CLASSIC",
	"char": 1
}
    },
    {
      "t": 24947.3684210526,
      "e": "ZoomCamera",
      "v": {
	"duration": 4,
	"ease": "linear",
	"zoom": 1.2,
	"mode": "stage"
}
    },
    {
      "t": 26842.1052631579,
      "e": "ZoomCamera",
      "v": {
	"duration": 1.5,
	"ease": "linear",
	"zoom": 1,
	"mode": "stage"
}
    },
    {
      "t": 26842.1052631579,
      "e": "FocusCamera",
      "v": {
	"duration": 4,
	"x": 0,
	"y": 0,
	"char": 0,
	"ease": "CLASSIC"
}
    },
    {
      "t": 27789.4736842105,
      "e": "FocusCamera",
      "v": {
	"x": 0,
	"duration": 4,
	"y": 0,
	"ease": "cubeInOut",
	"char": 1
}
    },
    {
      "t": 28736.8421052632,
      "e": "ZoomCamera",
      "v": {
	"ease": "elasticInOut",
	"duration": 4,
	"mode": "stage",
	"zoom": 0.95
}
    },
    {
      "t": 28736.8421052632,
      "e": "FocusCamera",
      "v": {
	"duration": 4,
	"x": 50,
	"y": 0,
	"ease": "elasticInOut",
	"char": 2
}
    },
    {
      "t": 32210.5263157895,
      "e": "ZoomCamera",
      "v": {
	"duration": 4,
	"ease": "linear",
	"zoom": 1.2,
	"mode": "stage"
}
    },
    {
      "t": 32210.5263157895,
      "e": "FocusCamera",
      "v": {
	"duration": 4,
	"x": 100,
	"y": 0,
	"ease": "CLASSIC",
	"char": 0
}
    },
    {
      "t": 33947.3684210526,
      "e": "ZoomCamera",
      "v": {
	"duration": 1.5,
	"ease": "linear",
	"zoom": 0.95,
	"mode": "stage"
}
    },
    {
      "t": 33947.3684210526,
      "e": "FocusCamera",
      "v": {
	"duration": 2.5,
	"x": 50,
	"y": 0,
	"ease": "CLASSIC",
	"char": 2
}
    },
    {
      "t": 35052.6315789474,
      "e": "FocusCamera",
      "v": {
	"duration": 4,
	"x": -100,
	"y": 0,
	"ease": "CLASSIC",
	"char": 1
}
    },
    {
      "t": 35052.6315789474,
      "e": "ZoomCamera",
      "v": {
	"duration": 4,
	"ease": "linear",
	"zoom": 1.2,
	"mode": "stage"
}
    },
    {
      "t": 36947.3684210526,
      "e": "ZoomCamera",
      "v": {
	"duration": 1.5,
	"ease": "linear",
	"zoom": 1,
	"mode": "stage"
}
    },
    {
      "t": 36947.3684210526,
      "e": "FocusCamera",
      "v": {
	"duration": 4,
	"x": 0,
	"y": 0,
	"char": 0,
	"ease": "CLASSIC"
}
    },
    {
      "t": 37894.7368421053,
      "e": "FocusCamera",
      "v": {
	"x": 0,
	"duration": 4,
	"y": 0,
	"ease": "cubeInOut",
	"char": 1
}
    },
    {
      "t": 38842.1052631579,
      "e": "ZoomCamera",
      "v": {
	"ease": "elasticInOut",
	"duration": 4,
	"mode": "stage",
	"zoom": 0.95
}
    },
    {
      "t": 38842.1052631579,
      "e": "FocusCamera",
      "v": {
	"duration": 4,
	"x": 50,
	"y": 0,
	"ease": "elasticInOut",
	"char": 2
}
    }
  ],
  "notes": {
    "easy": [
      {
        "t": 0,
        "d": 4,
        "l": 0,
        "p": [        ]
      },
      {
        "t": 0,
        "d": 7,
        "l": 0,
        "p": [        ]
      },
      {
        "t": 0,
        "d": 5,
        "l": 0,
        "p": [        ]
      },
      {
        "t": 0,
        "d": 6,
        "l": 0,
        "p": [        ]
      },
      {
        "t": 631.578947368421,
        "d": 7,
        "l": 0,
        "p": [        ]
      },
      {
        "t": 789.473684210526,
        "d": 7,
        "l": 0,
        "p": [        ]
      },
      {
        "t": 947.368421052632,
        "d": 4,
        "l": 0,
        "p": [        ]
      },
      {
        "t": 1105.26315789474,
        "d": 5,
        "l": 0,
        "p": [        ]
      },
      {
        "t": 1263.15789473684,
        "d": 6,
        "l": 0,
        "p": [        ]
      },
      {
        "t": 1421.05263157895,
        "d": 7,
        "l": 315.789473684211,
        "p": [        ]
      },
      {
        "t": 1736.84210526316,
        "d": 4,
        "l": 315.789473684211,
        "p": [        ]
      },
      {
        "t": 1736.84210526316,
        "d": 6,
        "l": 0,
        "p": [        ]
      },
      {
        "t": 2526.31578947368,
        "d": 2,
        "l": 157.894736842105,
        "p": [        ]
      },
      {
        "t": 2842.10526315789,
        "d": 2,
        "l": 0,
        "p": [        ]
      },
      {
        "t": 3157.8947368421,
        "d": 0,
        "l": 0,
        "p": [        ]
      },
      {
        "t": 3631.57894736842,
        "d": 3,
        "l": 0,
        "p": [        ]
      },
      {
        "t": 3789.47368421053,
        "d": 1,
        "l": 0,
        "p": [        ]
      },
      {
        "t": 4105.26315789474,
        "d": 0,
        "l": 157.894736842105,
        "p": [        ]
      },
      {
        "t": 4421.05263157895,
        "d": 2,
        "l": 473.684210526316,
        "p": [        ]
      },
      {
        "t": 5052.63157894737,
        "d": 4,
        "l": 157.894736842105,
        "p": [        ]
      },
      {
        "t": 5210.52631578947,
        "d": 5,
        "l": 157.894736842105,
        "p": [        ]
      },
      {
        "t": 5368.42105263158,
        "d": 4,
        "l": 157.894736842105,
        "p": [        ]
      },
      {
        "t": 5684.21052631579,
        "d": 5,
        "l": 157.894736842105,
        "p": [        ]
      },
      {
        "t": 5842.1052631579,
        "d": 6,
        "l": 157.894736842105,
        "p": [        ]
      },
      {
        "t": 6000,
        "d": 4,
        "l": 0,
        "p": [        ]
      },
      {
        "t": 6000,
        "d": 5,
        "l": 0,
        "p": [        ]
      },
      {
        "t": 6631.57894736842,
        "d": 4,
        "l": 315.789473684211,
        "p": [        ]
      },
      {
        "t": 6947.36842105263,
        "d": 6,
        "l": 315.789473684211,
        "p": [        ]
      },
      {
        "t": 6947.36842105263,
        "d": 7,
        "l": 315.789473684211,
        "p": [        ]
      },
      {
        "t": 7263.15789473684,
        "d": 5,
        "l": 0,
        "p": [        ]
      },
      {
        "t": 7263.15789473684,
        "d": 4,
        "l": 0,
        "p": [        ]
      },
      {
        "t": 7736.84210526316,
        "d": 6,
        "l": 0,
        "p": [        ]
      },
      {
        "t": 7894.73684210526,
        "d": 4,
        "l": 0,
        "p": [        ]
      },
      {
        "t": 7894.73684210526,
        "d": 3,
        "l": 157.894736842105,
        "p": [        ]
      },
      {
        "t": 8210.52631578947,
        "d": 1,
        "l": 157.894736842105,
        "p": [        ]
      },
      {
        "t": 8526.31578947368,
        "d": 3,
        "l": 157.894736842108,
        "p": [        ]
      },
      {
        "t": 8842.1052631579,
        "d": 2,
        "l": 0,
        "p": [        ]
      },
      {
        "t": 9000,
        "d": 5,
        "l": 473.684210526315,
        "p": [        ]
      },
      {
        "t": 9631.57894736842,
        "d": 7,
        "l": 0,
        "p": [        ]
      },
      {
        "t": 9789.47368421053,
        "d": 5,
        "l": 157.894736842104,
        "p": [        ]
      },
      {
        "t": 9789.47368421053,
        "d": 4,
        "l": 157.894736842104,
        "p": [        ]
      },
      {
        "t": 10105.2631578947,
        "d": 6,
        "l": 0,
        "p": [        ]
      },
      {
        "t": 10105.2631578947,
        "d": 7,
        "l": 0,
        "p": [        ]
      },
      {
        "t": 10736.8421052632,
        "d": 2,
        "l": 0,
        "p": [        ]
      },
      {
        "t": 10736.8421052632,
        "d": 3,
        "l": 0,
        "p": [        ]
      },
      {
        "t": 11052.6315789474,
        "d": 7,
        "l": 0,
        "p": [        ]
      },
      {
        "t": 11052.6315789474,
        "d": 6,
        "l": 0,
        "p": [        ]
      },
      {
        "t": 11368.4210526316,
        "d": 5,
        "l": 0,
        "p": [        ]
      },
      {
        "t": 11526.3157894737,
        "d": 4,
        "l": 0,
        "p": [        ]
      },
      {
        "t": 11684.2105263158,
        "d": 5,
        "l": 315.789473684211,
        "p": [        ]
      },
      {
        "t": 12000,
        "d": 6,
        "l": 0,
        "p": [        ]
      },
      {
        "t": 12000,
        "d": 7,
        "l": 315.789473684211,
        "p": [        ]
      },
      {
        "t": 12315.7894736842,
        "d": 4,
        "l": 0,
        "p": [        ]
      },
      {
        "t": 12315.7894736842,
        "d": 5,
        "l": 315.789473684211,
        "p": [        ]
      },
      {
        "t": 12631.5789473684,
        "d": 5,
        "l": 0,
        "p": [        ]
      },
      {
        "t": 12789.4736842105,
        "d": 6,
        "l": 0,
        "p": [        ]
      },
      {
        "t": 12947.3684210526,
        "d": 7,
        "l": 0,
        "p": [        ]
      },
      {
        "t": 13105.2631578947,
        "d": 6,
        "l": 0,
        "p": [        ]
      },
      {
        "t": 13263.1578947368,
        "d": 4,
        "l": 0,
        "p": [        ]
      },
      {
        "t": 13421.0526315789,
        "d": 5,
        "l": 0,
        "p": [        ]
      },
      {
        "t": 13578.9473684211,
        "d": 6,
        "l": 0,
        "p": [        ]
      },
      {
        "t": 13736.8421052632,
        "d": 5,
        "l": 0,
        "p": [        ]
      },
      {
        "t": 13894.7368421053,
        "d": 4,
        "l": 473.684210526316,
        "p": [        ]
      },
      {
        "t": 14526.3157894737,
        "d": 7,
        "l": 0,
        "p": [        ]
      },
      {
        "t": 14526.3157894737,
        "d": 5,
        "l": 0,
        "p": [        ]
      },
      {
        "t": 14526.3157894737,
        "d": 6,
        "l": 0,
        "p": [        ]
      },
      {
        "t": 15157.8947368421,
        "d": 0,
        "l": 0,
        "p": [        ]
      },
      {
        "t": 15157.8947368421,
        "d": 1,
        "l": 0,
        "p": [        ]
      },
      {
        "t": 15473.6842105263,
        "d": 3,
        "l": 157.894736842105,
        "p": [        ]
      },
      {
        "t": 15789.4736842105,
        "d": 3,
        "l": 0,
        "p": [        ]
      },
      {
        "t": 15947.3684210526,
        "d": 1,
        "l": 157.894736842105,
        "p": [        ]
      },
      {
        "t": 16263.1578947368,
        "d": 2,
        "l": 0,
        "p": [        ]
      },
      {
        "t": 16421.0526315789,
        "d": 3,
        "l": 0,
        "p": [        ]
      },
      {
        "t": 16736.8421052632,
        "d": 3,
        "l": 157.894736842105,
        "p": [        ]
      },
      {
        "t": 17052.6315789474,
        "d": 2,
        "l": 157.894736842108,
        "p": [        ]
      },
      {
        "t": 17368.4210526316,
        "d": 0,
        "l": 0,
        "p": [        ]
      },
      {
        "t": 17684.2105263158,
        "d": 4,
        "l": 157.894736842105,
        "p": [        ]
      },
      {
        "t": 17684.2105263158,
        "d": 3,
        "l": 0,
        "p": [        ]
      },
      {
        "t": 17842.1052631579,
        "d": 3,
        "l": 157.894736842108,
        "p": [        ]
      },
      {
        "t": 17842.1052631579,
        "d": 5,
        "l": 157.894736842105,
        "p": [        ]
      },
      {
        "t": 18000,
        "d": 4,
        "l": 157.894736842105,
        "p": [        ]
      },
      {
        "t": 18157.8947368421,
        "d": 0,
        "l": 0,
        "p": [        ]
      },
      {
        "t": 18315.7894736842,
        "d": 2,
        "l": 315.789473684211,
        "p": [        ]
      },
      {
        "t": 18315.7894736842,
        "d": 5,
        "l": 157.894736842105,
        "p": [        ]
      },
      {
        "t": 18473.6842105263,
        "d": 6,
        "l": 157.894736842105,
        "p": [        ]
      },
      {
        "t": 18631.5789473684,
        "d": 5,
        "l": 0,
        "p": [        ]
      },
      {
        "t": 18631.5789473684,
        "d": 4,
        "l": 0,
        "p": [        ]
      },
      {
        "t": 19263.1578947368,
        "d": 4,
        "l": 315.789473684211,
        "p": [        ]
      },
      {
        "t": 19578.9473684211,
        "d": 6,
        "l": 315.789473684211,
        "p": [        ]
      },
      {
        "t": 19578.9473684211,
        "d": 7,
        "l": 315.789473684211,
        "p": [        ]
      },
      {
        "t": 19894.7368421053,
        "d": 4,
        "l": 0,
        "p": [        ]
      },
      {
        "t": 19894.7368421053,
        "d": 5,
        "l": 0,
        "p": [        ]
      },
      {
        "t": 22105.2631578947,
        "d": 2,
        "l": 0,
        "p": [        ]
      },
      {
        "t": 22421.0526315789,
        "d": 2,
        "l": 0,
        "p": [        ]
      },
      {
        "t": 22736.8421052632,
        "d": 2,
        "l": 0,
        "p": [        ]
      },
      {
        "t": 23052.6315789474,
        "d": 2,
        "l": 0,
        "p": [        ]
      },
      {
        "t": 23368.4210526316,
        "d": 2,
        "l": 0,
        "p": [        ]
      },
      {
        "t": 24947.3684210526,
        "d": 4,
        "l": 157.894736842105,
        "p": [        ]
      },
      {
        "t": 25105.2631578947,
        "d": 5,
        "l": 157.894736842105,
        "p": [        ]
      },
      {
        "t": 25263.1578947368,
        "d": 4,
        "l": 157.894736842105,
        "p": [        ]
      },
      {
        "t": 25421.0526315789,
        "d": 5,
        "l": 157.894736842105,
        "p": [        ]
      },
      {
        "t": 25578.9473684211,
        "d": 4,
        "l": 157.894736842105,
        "p": [        ]
      },
      {
        "t": 25736.8421052632,
        "d": 5,
        "l": 157.894736842105,
        "p": [        ]
      },
      {
        "t": 25894.7368421053,
        "d": 4,
        "l": 157.894736842105,
        "p": [        ]
      },
      {
        "t": 26052.6315789474,
        "d": 5,
        "l": 0,
        "p": [        ]
      },
      {
        "t": 26842.1052631579,
        "d": 2,
        "l": 0,
        "p": [        ]
      },
      {
        "t": 27157.8947368421,
        "d": 0,
        "l": 0,
        "p": [        ]
      },
      {
        "t": 27473.6842105263,
        "d": 3,
        "l": 0,
        "p": [        ]
      },
      {
        "t": 27789.4736842105,
        "d": 0,
        "l": 0,
        "p": [        ]
      },
      {
        "t": 28105.2631578947,
        "d": 3,
        "l": 0,
        "p": [        ]
      },
      {
        "t": 28421.0526315789,
        "d": 0,
        "l": 0,
        "p": [        ]
      },
      {
        "t": 28736.8421052632,
        "d": 3,
        "l": 0,
        "p": [        ]
      }
    ],
    "hard": [
      {
        "t": 631.578947368421,
        "d": 7,
        "l": 0,
        "p": [        ]
      },
      {
        "t": 789.473684210526,
        "d": 7,
        "l": 0,
        "p": [        ]
      },
      {
        "t": 947.368421052632,
        "d": 4,
        "l": 0,
        "p": [        ]
      },
      {
        "t": 1105.26315789474,
        "d": 5,
        "l": 0,
        "p": [        ]
      },
      {
        "t": 1263.15789473684,
        "d": 6,
        "l": 0,
        "p": [        ]
      },
      {
        "t": 1421.05263157895,
        "d": 7,
        "l": 315.789473684211,
        "p": [        ]
      },
      {
        "t": 1736.84210526316,
        "d": 6,
        "l": 315.789473684211,
        "p": [        ]
      },
      {
        "t": 1736.84210526316,
        "d": 4,
        "l": 315.789473684211,
        "p": [        ]
      },
      {
        "t": 2526.31578947368,
        "d": 1,
        "l": 0,
        "p": [        ]
      },
      {
        "t": 2684.21052631579,
        "d": 1,
        "l": 0,
        "p": [        ]
      },
      {
        "t": 2842.10526315789,
        "d": 3,
        "l": 157.894736842105,
        "p": [        ]
      },
      {
        "t": 2842.10526315789,
        "d": 2,
        "l": 0,
        "p": [        ]
      },
      {
        "t": 3157.8947368421,
        "d": 1,
        "l": 0,
        "p": [        ]
      },
      {
        "t": 3157.8947368421,
        "d": 0,
        "l": 0,
        "p": [        ]
      },
      {
        "t": 3631.57894736842,
        "d": 2,
        "l": 0,
        "p": [        ]
      },
      {
        "t": 3789.47368421053,
        "d": 1,
        "l": 157.894736842105,
        "p": [        ]
      },
      {
        "t": 4105.26315789474,
        "d": 1,
        "l": 0,
        "p": [        ]
      },
      {
        "t": 4184.21052631579,
        "d": 3,
        "l": 0,
        "p": [        ]
      },
      {
        "t": 4421.05263157895,
        "d": 2,
        "l": 315.78947368421,
        "p": [        ]
      },
      {
        "t": 4736.84210526316,
        "d": 2,
        "l": 0,
        "p": [        ]
      },
      {
        "t": 5052.63157894737,
        "d": 4,
        "l": 157.894736842105,
        "p": [        ]
      },
      {
        "t": 5210.52631578947,
        "d": 5,
        "l": 157.894736842105,
        "p": [        ]
      },
      {
        "t": 5368.42105263158,
        "d": 4,
        "l": 157.894736842105,
        "p": [        ]
      },
      {
        "t": 5684.21052631579,
        "d": 5,
        "l": 157.894736842105,
        "p": [        ]
      },
      {
        "t": 5842.1052631579,
        "d": 6,
        "l": 157.894736842105,
        "p": [        ]
      },
      {
        "t": 6000,
        "d": 4,
        "l": 0,
        "p": [        ]
      },
      {
        "t": 6000,
        "d": 5,
        "l": 0,
        "p": [        ]
      },
      {
        "t": 6631.57894736842,
        "d": 4,
        "l": 315.789473684211,
        "p": [        ]
      },
      {
        "t": 6947.36842105263,
        "d": 6,
        "l": 315.789473684211,
        "p": [        ]
      },
      {
        "t": 6947.36842105263,
        "d": 7,
        "l": 315.789473684211,
        "p": [        ]
      },
      {
        "t": 7263.15789473684,
        "d": 5,
        "l": 0,
        "p": [        ]
      },
      {
        "t": 7263.15789473684,
        "d": 4,
        "l": 0,
        "p": [        ]
      },
      {
        "t": 7736.84210526316,
        "d": 6,
        "l": 0,
        "p": [        ]
      },
      {
        "t": 7894.73684210526,
        "d": 4,
        "l": 0,
        "p": [        ]
      },
      {
        "t": 7894.73684210526,
        "d": 3,
        "l": 157.894736842105,
        "p": [        ]
      },
      {
        "t": 8052.63157894737,
        "d": 2,
        "l": 157.894736842105,
        "p": [        ]
      },
      {
        "t": 8210.52631578947,
        "d": 1,
        "l": 157.894736842105,
        "p": [        ]
      },
      {
        "t": 8368.42105263158,
        "d": 0,
        "l": 157.894736842104,
        "p": [        ]
      },
      {
        "t": 8526.31578947368,
        "d": 1,
        "l": 157.894736842108,
        "p": [        ]
      },
      {
        "t": 8684.21052631579,
        "d": 2,
        "l": 157.894736842104,
        "p": [        ]
      },
      {
        "t": 8842.1052631579,
        "d": 3,
        "l": 0,
        "p": [        ]
      },
      {
        "t": 9000,
        "d": 5,
        "l": 473.684210526315,
        "p": [        ]
      },
      {
        "t": 9631.57894736842,
        "d": 7,
        "l": 0,
        "p": [        ]
      },
      {
        "t": 9789.47368421053,
        "d": 5,
        "l": 157.894736842104,
        "p": [        ]
      },
      {
        "t": 9789.47368421053,
        "d": 4,
        "l": 157.894736842104,
        "p": [        ]
      },
      {
        "t": 10105.2631578947,
        "d": 6,
        "l": 0,
        "p": [        ]
      },
      {
        "t": 10105.2631578947,
        "d": 7,
        "l": 0,
        "p": [        ]
      },
      {
        "t": 10736.8421052632,
        "d": 0,
        "l": 0,
        "p": [        ]
      },
      {
        "t": 10736.8421052632,
        "d": 1,
        "l": 0,
        "p": [        ]
      },
      {
        "t": 10736.8421052632,
        "d": 2,
        "l": 0,
        "p": [        ]
      },
      {
        "t": 10736.8421052632,
        "d": 3,
        "l": 0,
        "p": [        ]
      },
      {
        "t": 11052.6315789474,
        "d": 7,
        "l": 0,
        "p": [        ]
      },
      {
        "t": 11052.6315789474,
        "d": 6,
        "l": 0,
        "p": [        ]
      },
      {
        "t": 11368.4210526316,
        "d": 5,
        "l": 0,
        "p": [        ]
      },
      {
        "t": 11526.3157894737,
        "d": 4,
        "l": 0,
        "p": [        ]
      },
      {
        "t": 11684.2105263158,
        "d": 5,
        "l": 315.789473684211,
        "p": [        ]
      },
      {
        "t": 12000,
        "d": 6,
        "l": 0,
        "p": [        ]
      },
      {
        "t": 12000,
        "d": 7,
        "l": 315.789473684211,
        "p": [        ]
      },
      {
        "t": 12315.7894736842,
        "d": 4,
        "l": 0,
        "p": [        ]
      },
      {
        "t": 12315.7894736842,
        "d": 5,
        "l": 315.789473684211,
        "p": [        ]
      },
      {
        "t": 12631.5789473684,
        "d": 5,
        "l": 0,
        "p": [        ]
      },
      {
        "t": 12789.4736842105,
        "d": 6,
        "l": 0,
        "p": [        ]
      },
      {
        "t": 12947.3684210526,
        "d": 7,
        "l": 0,
        "p": [        ]
      },
      {
        "t": 13105.2631578947,
        "d": 6,
        "l": 0,
        "p": [        ]
      },
      {
        "t": 13263.1578947368,
        "d": 4,
        "l": 0,
        "p": [        ]
      },
      {
        "t": 13421.0526315789,
        "d": 5,
        "l": 0,
        "p": [        ]
      },
      {
        "t": 13578.9473684211,
        "d": 6,
        "l": 0,
        "p": [        ]
      },
      {
        "t": 13736.8421052632,
        "d": 5,
        "l": 0,
        "p": [        ]
      },
      {
        "t": 13894.7368421053,
        "d": 4,
        "l": 473.684210526316,
        "p": [        ]
      },
      {
        "t": 14526.3157894737,
        "d": 7,
        "l": 0,
        "p": [        ]
      },
      {
        "t": 14526.3157894737,
        "d": 5,
        "l": 0,
        "p": [        ]
      },
      {
        "t": 14526.3157894737,
        "d": 6,
        "l": 0,
        "p": [        ]
      },
      {
        "t": 15473.6842105263,
        "d": 0,
        "l": 157.894736842105,
        "p": [        ]
      },
      {
        "t": 15631.5789473684,
        "d": 1,
        "l": 157.894736842105,
        "p": [        ]
      },
      {
        "t": 15789.4736842105,
        "d": 2,
        "l": 157.894736842105,
        "p": [        ]
      },
      {
        "t": 15947.3684210526,
        "d": 3,
        "l": 157.894736842105,
        "p": [        ]
      },
      {
        "t": 16105.2631578947,
        "d": 2,
        "l": 157.894736842105,
        "p": [        ]
      },
      {
        "t": 16263.1578947368,
        "d": 1,
        "l": 157.894736842105,
        "p": [        ]
      },
      {
        "t": 16421.0526315789,
        "d": 0,
        "l": 157.894736842105,
        "p": [        ]
      },
      {
        "t": 16736.8421052632,
        "d": 3,
        "l": 0,
        "p": [        ]
      },
      {
        "t": 16894.7368421053,
        "d": 3,
        "l": 0,
        "p": [        ]
      },
      {
        "t": 17052.6315789474,
        "d": 0,
        "l": 0,
        "p": [        ]
      },
      {
        "t": 17210.5263157895,
        "d": 1,
        "l": 0,
        "p": [        ]
      },
      {
        "t": 17368.4210526316,
        "d": 3,
        "l": 157.894736842103,
        "p": [        ]
      },
      {
        "t": 17368.4210526316,
        "d": 2,
        "l": 157.894736842103,
        "p": [        ]
      },
      {
        "t": 17684.2105263158,
        "d": 0,
        "l": 0,
        "p": [        ]
      },
      {
        "t": 17684.2105263158,
        "d": 4,
        "l": 157.894736842105,
        "p": [        ]
      },
      {
        "t": 17842.1052631579,
        "d": 0,
        "l": 0,
        "p": [        ]
      },
      {
        "t": 17842.1052631579,
        "d": 5,
        "l": 157.894736842105,
        "p": [        ]
      },
      {
        "t": 18000,
        "d": 4,
        "l": 157.894736842105,
        "p": [        ]
      },
      {
        "t": 18000,
        "d": 3,
        "l": 0,
        "p": [        ]
      },
      {
        "t": 18157.8947368421,
        "d": 2,
        "l": 0,
        "p": [        ]
      },
      {
        "t": 18315.7894736842,
        "d": 1,
        "l": 315.789473684211,
        "p": [        ]
      },
      {
        "t": 18315.7894736842,
        "d": 5,
        "l": 157.894736842105,
        "p": [        ]
      },
      {
        "t": 18315.7894736842,
        "d": 0,
        "l": 315.789473684211,
        "p": [        ]
      },
      {
        "t": 18473.6842105263,
        "d": 6,
        "l": 157.894736842105,
        "p": [        ]
      },
      {
        "t": 18631.5789473684,
        "d": 4,
        "l": 0,
        "k": "weekend-1-lightcan",
        "p": [        ]
      },
      {
        "t": 19578.9473684211,
        "d": 3,
        "l": 0,
        "k": "weekend-1-cockgun",
        "p": [        ]
      },
      {
        "t": 19578.9473684211,
        "d": 7,
        "l": 0,
        "k": "weekend-1-kickcan",
        "p": [        ]
      },
      {
        "t": 19894.7368421053,
        "d": 5,
        "l": 0,
        "k": "weekend-1-kneecan",
        "p": [        ]
      },
      {
        "t": 19894.7368421053,
        "d": 4,
        "l": 0,
        "k": "weekend-1-kneecan",
        "p": [        ]
      },
      {
        "t": 20105.2631578947,
        "d": 0,
        "l": 0,
        "k": "weekend-1-firegun",
        "p": [        ]
      },
      {
        "t": 22105.2631578947,
        "d": 2,
        "l": 315.789473684211,
        "p": [        ]
      },
      {
        "t": 22421.0526315789,
        "d": 2,
        "l": 315.789473684211,
        "p": [        ]
      },
      {
        "t": 22736.8421052632,
        "d": 2,
        "l": 315.789473684211,
        "p": [        ]
      },
      {
        "t": 23052.6315789474,
        "d": 2,
        "l": 315.789473684211,
        "p": [        ]
      },
      {
        "t": 23368.4210526316,
        "d": 2,
        "l": 0,
        "p": [        ]
      },
      {
        "t": 24947.3684210526,
        "d": 4,
        "l": 157.894736842105,
        "p": [        ]
      },
      {
        "t": 25105.2631578947,
        "d": 5,
        "l": 157.894736842105,
        "p": [        ]
      },
      {
        "t": 25263.1578947368,
        "d": 4,
        "l": 157.894736842105,
        "p": [        ]
      },
      {
        "t": 25421.0526315789,
        "d": 5,
        "l": 157.894736842105,
        "p": [        ]
      },
      {
        "t": 25578.9473684211,
        "d": 4,
        "l": 157.894736842105,
        "p": [        ]
      },
      {
        "t": 25736.8421052632,
        "d": 5,
        "l": 157.894736842105,
        "p": [        ]
      },
      {
        "t": 25894.7368421053,
        "d": 4,
        "l": 157.894736842105,
        "p": [        ]
      },
      {
        "t": 26052.6315789474,
        "d": 5,
        "l": 0,
        "p": [        ]
      },
      {
        "t": 26842.1052631579,
        "d": 2,
        "l": 0,
        "p": [        ]
      },
      {
        "t": 27157.8947368421,
        "d": 0,
        "l": 315.789473684211,
        "p": [        ]
      },
      {
        "t": 27157.8947368421,
        "d": 1,
        "l": 315.789473684211,
        "p": [        ]
      },
      {
        "t": 27473.6842105263,
        "d": 2,
        "l": 315.789473684211,
        "p": [        ]
      },
      {
        "t": 27473.6842105263,
        "d": 3,
        "l": 315.789473684211,
        "p": [        ]
      },
      {
        "t": 27789.4736842105,
        "d": 0,
        "l": 315.789473684211,
        "p": [        ]
      },
      {
        "t": 27789.4736842105,
        "d": 1,
        "l": 315.789473684211,
        "p": [        ]
      },
      {
        "t": 27789.4736842105,
        "d": 4,
        "l": 0,
        "k": "weekend-1-lightcan",
        "p": [        ]
      },
      {
        "t": 28105.2631578947,
        "d": 3,
        "l": 0,
        "k": "weekend-1-cockgun",
        "p": [        ]
      },
      {
        "t": 28421.0526315789,
        "d": 7,
        "l": 0,
        "k": "weekend-1-kickcan",
        "p": [        ]
      },
      {
        "t": 28736.8421052632,
        "d": 4,
        "l": 0,
        "k": "weekend-1-kneecan",
        "p": [        ]
      },
      {
        "t": 28947.3684210526,
        "d": 2,
        "l": 0,
        "k": "weekend-1-firegun",
        "p": [        ]
      },
      {
        "t": 32210.5263157895,
        "d": 2,
        "l": 315.789473684211,
        "p": [        ]
      },
      {
        "t": 32526.3157894737,
        "d": 2,
        "l": 315.789473684211,
        "p": [        ]
      },
      {
        "t": 32842.105263158,
        "d": 2,
        "l": 315.789473684211,
        "p": [        ]
      },
      {
        "t": 33157.8947368422,
        "d": 2,
        "l": 315.789473684211,
        "p": [        ]
      },
      {
        "t": 33473.6842105264,
        "d": 2,
        "l": 0,
        "p": [        ]
      },
      {
        "t": 35052.6315789474,
        "d": 4,
        "l": 157.894736842105,
        "p": [        ]
      },
      {
        "t": 35210.5263157895,
        "d": 5,
        "l": 157.894736842105,
        "p": [        ]
      },
      {
        "t": 35368.4210526316,
        "d": 4,
        "l": 157.894736842105,
        "p": [        ]
      },
      {
        "t": 35526.3157894737,
        "d": 5,
        "l": 157.894736842105,
        "p": [        ]
      },
      {
        "t": 35684.2105263159,
        "d": 4,
        "l": 157.894736842105,
        "p": [        ]
      },
      {
        "t": 35842.105263158,
        "d": 5,
        "l": 157.894736842105,
        "p": [        ]
      },
      {
        "t": 36000.0000000001,
        "d": 4,
        "l": 157.894736842105,
        "p": [        ]
      },
      {
        "t": 36157.8947368422,
        "d": 5,
        "l": 0,
        "p": [        ]
      },
      {
        "t": 36947.3684210527,
        "d": 2,
        "l": 0,
        "p": [        ]
      },
      {
        "t": 37263.1578947369,
        "d": 0,
        "l": 315.789473684211,
        "p": [        ]
      },
      {
        "t": 37263.1578947369,
        "d": 1,
        "l": 315.789473684211,
        "p": [        ]
      },
      {
        "t": 37578.9473684211,
        "d": 2,
        "l": 315.789473684211,
        "p": [        ]
      },
      {
        "t": 37578.9473684211,
        "d": 3,
        "l": 315.789473684211,
        "p": [        ]
      },
      {
        "t": 37894.7368421053,
        "d": 0,
        "l": 315.789473684211,
        "p": [        ]
      },
      {
        "t": 37894.7368421053,
        "d": 1,
        "l": 315.789473684211,
        "p": [        ]
      },
      {
        "t": 37894.7368421053,
        "d": 4,
        "l": 0,
        "k": "weekend-1-lightcan",
        "p": [        ]
      },
      {
        "t": 38210.5263157895,
        "d": 3,
        "l": 0,
        "k": "weekend-1-cockgun",
        "p": [        ]
      },
      {
        "t": 38526.3157894737,
        "d": 7,
        "l": 0,
        "k": "weekend-1-kickcan",
        "p": [        ]
      },
      {
        "t": 38842.105263158,
        "d": 4,
        "l": 0,
        "k": "weekend-1-kneecan",
        "p": [        ]
      },
      {
        "t": 39052.6315789474,
        "d": 2,
        "l": 0,
        "k": "weekend-1-firegun",
        "p": [        ]
      }
    ],
    "normal": [
      {
        "t": 0,
        "d": 4,
        "l": 0,
        "p": [        ]
      },
      {
        "t": 0,
        "d": 7,
        "l": 0,
        "p": [        ]
      },
      {
        "t": 0,
        "d": 5,
        "l": 0,
        "p": [        ]
      },
      {
        "t": 0,
        "d": 6,
        "l": 0,
        "p": [        ]
      },
      {
        "t": 631.578947368421,
        "d": 7,
        "l": 0,
        "p": [        ]
      },
      {
        "t": 789.473684210526,
        "d": 7,
        "l": 0,
        "p": [        ]
      },
      {
        "t": 947.368421052632,
        "d": 4,
        "l": 0,
        "p": [        ]
      },
      {
        "t": 1105.26315789474,
        "d": 5,
        "l": 0,
        "p": [        ]
      },
      {
        "t": 1263.15789473684,
        "d": 6,
        "l": 0,
        "p": [        ]
      },
      {
        "t": 1421.05263157895,
        "d": 7,
        "l": 315.789473684211,
        "p": [        ]
      },
      {
        "t": 1736.84210526316,
        "d": 4,
        "l": 315.789473684211,
        "p": [        ]
      },
      {
        "t": 1736.84210526316,
        "d": 6,
        "l": 0,
        "p": [        ]
      },
      {
        "t": 2526.31578947368,
        "d": 1,
        "l": 0,
        "p": [        ]
      },
      {
        "t": 2684.21052631579,
        "d": 0,
        "l": 0,
        "p": [        ]
      },
      {
        "t": 2842.10526315789,
        "d": 2,
        "l": 0,
        "p": [        ]
      },
      {
        "t": 3157.8947368421,
        "d": 3,
        "l": 0,
        "p": [        ]
      },
      {
        "t": 3157.8947368421,
        "d": 0,
        "l": 0,
        "p": [        ]
      },
      {
        "t": 3631.57894736842,
        "d": 2,
        "l": 157.894736842105,
        "p": [        ]
      },
      {
        "t": 3789.47368421053,
        "d": 3,
        "l": 0,
        "p": [        ]
      },
      {
        "t": 4105.26315789474,
        "d": 0,
        "l": 0,
        "p": [        ]
      },
      {
        "t": 4263.15789473684,
        "d": 1,
        "l": 0,
        "p": [        ]
      },
      {
        "t": 4421.05263157895,
        "d": 2,
        "l": 473.684210526316,
        "p": [        ]
      },
      {
        "t": 5052.63157894737,
        "d": 4,
        "l": 157.894736842105,
        "p": [        ]
      },
      {
        "t": 5210.52631578947,
        "d": 5,
        "l": 157.894736842105,
        "p": [        ]
      },
      {
        "t": 5368.42105263158,
        "d": 4,
        "l": 157.894736842105,
        "p": [        ]
      },
      {
        "t": 5684.21052631579,
        "d": 5,
        "l": 157.894736842105,
        "p": [        ]
      },
      {
        "t": 5842.1052631579,
        "d": 6,
        "l": 157.894736842105,
        "p": [        ]
      },
      {
        "t": 6000,
        "d": 4,
        "l": 0,
        "p": [        ]
      },
      {
        "t": 6000,
        "d": 5,
        "l": 0,
        "p": [        ]
      },
      {
        "t": 6631.57894736842,
        "d": 4,
        "l": 315.789473684211,
        "p": [        ]
      },
      {
        "t": 6947.36842105263,
        "d": 6,
        "l": 315.789473684211,
        "p": [        ]
      },
      {
        "t": 6947.36842105263,
        "d": 7,
        "l": 315.789473684211,
        "p": [        ]
      },
      {
        "t": 7263.15789473684,
        "d": 5,
        "l": 0,
        "p": [        ]
      },
      {
        "t": 7263.15789473684,
        "d": 4,
        "l": 0,
        "p": [        ]
      },
      {
        "t": 7736.84210526316,
        "d": 6,
        "l": 0,
        "p": [        ]
      },
      {
        "t": 7894.73684210526,
        "d": 3,
        "l": 0,
        "p": [        ]
      },
      {
        "t": 7894.73684210526,
        "d": 4,
        "l": 0,
        "p": [        ]
      },
      {
        "t": 8052.63157894737,
        "d": 3,
        "l": 0,
        "p": [        ]
      },
      {
        "t": 8210.52631578947,
        "d": 3,
        "l": 0,
        "p": [        ]
      },
      {
        "t": 8368.42105263158,
        "d": 0,
        "l": 0,
        "p": [        ]
      },
      {
        "t": 8526.31578947368,
        "d": 0,
        "l": 0,
        "p": [        ]
      },
      {
        "t": 8684.21052631579,
        "d": 0,
        "l": 0,
        "p": [        ]
      },
      {
        "t": 8842.1052631579,
        "d": 1,
        "l": 0,
        "p": [        ]
      },
      {
        "t": 9000,
        "d": 5,
        "l": 473.684210526315,
        "p": [        ]
      },
      {
        "t": 9631.57894736842,
        "d": 7,
        "l": 0,
        "p": [        ]
      },
      {
        "t": 9789.47368421053,
        "d": 5,
        "l": 157.894736842104,
        "p": [        ]
      },
      {
        "t": 9789.47368421053,
        "d": 4,
        "l": 157.894736842104,
        "p": [        ]
      },
      {
        "t": 10105.2631578947,
        "d": 6,
        "l": 0,
        "p": [        ]
      },
      {
        "t": 10105.2631578947,
        "d": 7,
        "l": 0,
        "p": [        ]
      },
      {
        "t": 10736.8421052632,
        "d": 0,
        "l": 0,
        "p": [        ]
      },
      {
        "t": 10736.8421052632,
        "d": 3,
        "l": 0,
        "p": [        ]
      },
      {
        "t": 11052.6315789474,
        "d": 7,
        "l": 0,
        "p": [        ]
      },
      {
        "t": 11052.6315789474,
        "d": 6,
        "l": 0,
        "p": [        ]
      },
      {
        "t": 11368.4210526316,
        "d": 5,
        "l": 0,
        "p": [        ]
      },
      {
        "t": 11526.3157894737,
        "d": 4,
        "l": 0,
        "p": [        ]
      },
      {
        "t": 11684.2105263158,
        "d": 5,
        "l": 315.789473684211,
        "p": [        ]
      },
      {
        "t": 12000,
        "d": 6,
        "l": 0,
        "p": [        ]
      },
      {
        "t": 12000,
        "d": 7,
        "l": 315.789473684211,
        "p": [        ]
      },
      {
        "t": 12315.7894736842,
        "d": 4,
        "l": 0,
        "p": [        ]
      },
      {
        "t": 12315.7894736842,
        "d": 5,
        "l": 315.789473684211,
        "p": [        ]
      },
      {
        "t": 12631.5789473684,
        "d": 5,
        "l": 0,
        "p": [        ]
      },
      {
        "t": 12789.4736842105,
        "d": 6,
        "l": 0,
        "p": [        ]
      },
      {
        "t": 12947.3684210526,
        "d": 7,
        "l": 0,
        "p": [        ]
      },
      {
        "t": 13105.2631578947,
        "d": 6,
        "l": 0,
        "p": [        ]
      },
      {
        "t": 13263.1578947368,
        "d": 4,
        "l": 0,
        "p": [        ]
      },
      {
        "t": 13421.0526315789,
        "d": 5,
        "l": 0,
        "p": [        ]
      },
      {
        "t": 13578.9473684211,
        "d": 6,
        "l": 0,
        "p": [        ]
      },
      {
        "t": 13736.8421052632,
        "d": 5,
        "l": 0,
        "p": [        ]
      },
      {
        "t": 13894.7368421053,
        "d": 4,
        "l": 473.684210526316,
        "p": [        ]
      },
      {
        "t": 14526.3157894737,
        "d": 7,
        "l": 0,
        "p": [        ]
      },
      {
        "t": 14526.3157894737,
        "d": 5,
        "l": 0,
        "p": [        ]
      },
      {
        "t": 14526.3157894737,
        "d": 6,
        "l": 0,
        "p": [        ]
      },
      {
        "t": 15157.8947368421,
        "d": 0,
        "l": 0,
        "p": [        ]
      },
      {
        "t": 15157.8947368421,
        "d": 1,
        "l": 0,
        "p": [        ]
      },
      {
        "t": 15473.6842105263,
        "d": 3,
        "l": 0,
        "p": [        ]
      },
      {
        "t": 15631.5789473684,
        "d": 3,
        "l": 0,
        "p": [        ]
      },
      {
        "t": 15789.4736842105,
        "d": 0,
        "l": 157.894736842105,
        "p": [        ]
      },
      {
        "t": 16105.2631578947,
        "d": 3,
        "l": 0,
        "p": [        ]
      },
      {
        "t": 16263.1578947368,
        "d": 2,
        "l": 0,
        "p": [        ]
      },
      {
        "t": 16421.0526315789,
        "d": 3,
        "l": 0,
        "p": [        ]
      },
      {
        "t": 16736.8421052632,
        "d": 3,
        "l": 0,
        "p": [        ]
      },
      {
        "t": 16894.7368421053,
        "d": 0,
        "l": 315.789473684211,
        "p": [        ]
      },
      {
        "t": 17210.5263157895,
        "d": 1,
        "l": 0,
        "p": [        ]
      },
      {
        "t": 17368.4210526316,
        "d": 3,
        "l": 157.894736842103,
        "p": [        ]
      },
      {
        "t": 17684.2105263158,
        "d": 3,
        "l": 157.894736842103,
        "p": [        ]
      },
      {
        "t": 17684.2105263158,
        "d": 4,
        "l": 157.894736842105,
        "p": [        ]
      },
      {
        "t": 17842.1052631579,
        "d": 5,
        "l": 157.894736842105,
        "p": [        ]
      },
      {
        "t": 18000,
        "d": 1,
        "l": 0,
        "p": [        ]
      },
      {
        "t": 18000,
        "d": 4,
        "l": 157.894736842105,
        "p": [        ]
      },
      {
        "t": 18157.8947368421,
        "d": 0,
        "l": 0,
        "p": [        ]
      },
      {
        "t": 18315.7894736842,
        "d": 2,
        "l": 315.789473684211,
        "p": [        ]
      },
      {
        "t": 18315.7894736842,
        "d": 5,
        "l": 157.894736842105,
        "p": [        ]
      },
      {
        "t": 18473.6842105263,
        "d": 6,
        "l": 157.894736842105,
        "p": [        ]
      },
      {
        "t": 18631.5789473684,
        "d": 5,
        "l": 0,
        "p": [        ]
      },
      {
        "t": 18631.5789473684,
        "d": 4,
        "l": 0,
        "p": [        ]
      },
      {
        "t": 19263.1578947368,
        "d": 4,
        "l": 315.789473684211,
        "p": [        ]
      },
      {
        "t": 19578.9473684211,
        "d": 6,
        "l": 315.789473684211,
        "p": [        ]
      },
      {
        "t": 19578.9473684211,
        "d": 7,
        "l": 315.789473684211,
        "p": [        ]
      },
      {
        "t": 19894.7368421053,
        "d": 4,
        "l": 0,
        "p": [        ]
      },
      {
        "t": 19894.7368421053,
        "d": 5,
        "l": 0,
        "p": [        ]
      },
      {
        "t": 22105.2631578947,
        "d": 2,
        "l": 157.894736842105,
        "p": [        ]
      },
      {
        "t": 22421.0526315789,
        "d": 2,
        "l": 157.894736842105,
        "p": [        ]
      },
      {
        "t": 22736.8421052632,
        "d": 2,
        "l": 157.894736842105,
        "p": [        ]
      },
      {
        "t": 23052.6315789474,
        "d": 2,
        "l": 157.894736842105,
        "p": [        ]
      },
      {
        "t": 23368.4210526316,
        "d": 2,
        "l": 0,
        "p": [        ]
      },
      {
        "t": 24947.3684210526,
        "d": 4,
        "l": 157.894736842105,
        "p": [        ]
      },
      {
        "t": 25105.2631578947,
        "d": 5,
        "l": 157.894736842105,
        "p": [        ]
      },
      {
        "t": 25263.1578947368,
        "d": 4,
        "l": 157.894736842105,
        "p": [        ]
      },
      {
        "t": 25421.0526315789,
        "d": 5,
        "l": 157.894736842105,
        "p": [        ]
      },
      {
        "t": 25578.9473684211,
        "d": 4,
        "l": 157.894736842105,
        "p": [        ]
      },
      {
        "t": 25736.8421052632,
        "d": 5,
        "l": 157.894736842105,
        "p": [        ]
      },
      {
        "t": 25894.7368421053,
        "d": 4,
        "l": 157.894736842105,
        "p": [        ]
      },
      {
        "t": 26052.6315789474,
        "d": 5,
        "l": 0,
        "p": [        ]
      },
      {
        "t": 26842.1052631579,
        "d": 2,
        "l": 0,
        "p": [        ]
      },
      {
        "t": 27157.8947368421,
        "d": 1,
        "l": 315.789473684211,
        "p": [        ]
      },
      {
        "t": 27473.6842105263,
        "d": 2,
        "l": 315.789473684211,
        "p": [        ]
      },
      {
        "t": 27789.4736842105,
        "d": 1,
        "l": 315.789473684211,
        "p": [        ]
      },
      {
        "t": 28105.2631578947,
        "d": 2,
        "l": 315.789473684211,
        "p": [        ]
      },
      {
        "t": 28421.0526315789,
        "d": 1,
        "l": 315.789473684211,
        "p": [        ]
      },
      {
        "t": 28736.8421052632,
        "d": 3,
        "l": 0,
        "p": [        ]
      }
    ]
  },
  "generatedBy": "Friday Night Funkin' - v0.7.5"
}