{
  "version": "1.0.0",
  "name": "YOU DIED LMAO",
  "titleAsset": "storymenu/titles/Pico_Death",
  "props": [
    {
      "assetPath": "storymenu/props/darnell",
      "scale": 1.0,
      "offsets": [120, 120],
      "animations": [
        {
          "name": "idle",
          "prefix": "idle0",
          "frameRate": 24
        }
      ]
    },
    {
      "assetPath": "storymenu/props/pico-player",
      "scale": 1.0,
      "offsets": [150, 80],
      "animations": [
        {
          "name": "idle",
          "prefix": "idle0",
          "frameRate": 24
        },
        {
          "name": "confirm",
          "prefix": "confirm0",
		  "offsets": [30, 0],
          "frameRate": 24
        }
      ]
    },
    {
      "assetPath": "storymenu/props/nene",
      "scale": 1.0,
      "offsets": [200, 80],
      "animations": [
        {
          "name": "danceLeft",
          "prefix": "idle0",
          "frameIndices": [30, 0, 1, 2, 3, 4, 5, 6, 7, 8, 9, 10, 11, 12, 13, 14]
        },
        {
          "name": "danceRight",
          "prefix": "idle0",
          "frameIndices": [
            15, 16, 17, 18, 19, 20, 21, 22, 23, 24, 25, 26, 27, 28, 29
          ]
        }
      ]
    }
  ],
  "background": "#413CAE",
  "songs": ["game-over"]
}
