<?xml version="1.0" encoding="UTF-8"?>
<!--
Created with Free texture packer v0.6.7 http://free-tex-packer.com
-->
<TextureAtlas imagePath="dad.png" width="661" height="1143">
  <SubTexture name="idle0001" x="8" y="8" width="206" height="364" frameX="-0" frameY="-4" frameWidth="206" frameHeight="368" />
  <SubTexture name="idle0003" x="8" y="388" width="205" height="363" frameX="-0" frameY="-5" frameWidth="206" frameHeight="368" />
  <SubTexture name="idle0005" x="230" y="8" width="204" height="364" frameX="-1" frameY="-4" frameWidth="206" frameHeight="368" />
  <SubTexture name="idle0007" x="8" y="767" width="202" height="368" frameX="-2" frameY="-0" frameWidth="206" frameHeight="368" />
  <SubTexture name="idle0009" x="229" y="388" width="203" height="368" frameX="-2" frameY="-0" frameWidth="206" frameHeight="368" />
  <SubTexture name="idle0011" x="450" y="8" width="203" height="368" frameX="-2" frameY="-0" frameWidth="206" frameHeight="368" />
  <SubTexture name="idle0002" x="8" y="8" width="206" height="364" frameX="-0" frameY="-4" frameWidth="206" frameHeight="368" />
  <SubTexture name="idle0004" x="8" y="388" width="205" height="363" frameX="-0" frameY="-5" frameWidth="206" frameHeight="368" />
  <SubTexture name="idle0006" x="230" y="8" width="204" height="364" frameX="-1" frameY="-4" frameWidth="206" frameHeight="368" />
  <SubTexture name="idle0008" x="8" y="767" width="202" height="368" frameX="-2" frameY="-0" frameWidth="206" frameHeight="368" />
  <SubTexture name="idle0010" x="229" y="388" width="203" height="368" frameX="-2" frameY="-0" frameWidth="206" frameHeight="368" />
  <SubTexture name="idle0012" x="450" y="8" width="203" height="368" frameX="-2" frameY="-0" frameWidth="206" frameHeight="368" />
  <SubTexture name="idle0013" x="450" y="8" width="203" height="368" frameX="-2" frameY="-0" frameWidth="206" frameHeight="368" />
  <SubTexture name="idle0014" x="450" y="8" width="203" height="368" frameX="-2" frameY="-0" frameWidth="206" frameHeight="368" />
</TextureAtlas>
