<?xml version="1.0" encoding="UTF-8"?>
<!--
Created with Free texture packer v0.6.7 http://free-tex-packer.com
-->
<TextureAtlas imagePath="mom.png" width="1707" height="419">
  <SubTexture name="idle0001" x="8" y="8" width="412" height="193" rotated="true" frameX="-2" frameY="-2" frameWidth="195" frameHeight="414" />
  <SubTexture name="idle0002" x="436" y="8" width="407" height="193" rotated="true" frameX="-2" frameY="-7" frameWidth="195" frameHeight="414" />
  <SubTexture name="idle0006" x="859" y="8" width="411" height="193" rotated="true" frameX="-0" frameY="-3" frameWidth="195" frameHeight="414" />
  <SubTexture name="idle0008" x="1286" y="8" width="413" height="193" rotated="true" frameX="-0" frameY="-1" frameWidth="195" frameHeight="414" />
  <SubTexture name="idle0010" x="8" y="217" width="414" height="193" rotated="true" frameX="-0" frameY="-0" frameWidth="195" frameHeight="414" />
  <SubTexture name="idle0012" x="438" y="217" width="414" height="193" rotated="true" frameX="-0" frameY="-0" frameWidth="195" frameHeight="414" />
  <SubTexture name="idle0004" x="868" y="217" width="410" height="194" rotated="true" frameX="-0" frameY="-4" frameWidth="195" frameHeight="414" />
  <SubTexture name="idle0014" x="8" y="8" width="412" height="193" rotated="true" frameX="-2" frameY="-2" frameWidth="195" frameHeight="414" />
  <SubTexture name="idle0003" x="436" y="8" width="407" height="193" rotated="true" frameX="-2" frameY="-7" frameWidth="195" frameHeight="414" />
  <SubTexture name="idle0005" x="868" y="217" width="410" height="194" rotated="true" frameX="-0" frameY="-4" frameWidth="195" frameHeight="414" />
  <SubTexture name="idle0007" x="859" y="8" width="411" height="193" rotated="true" frameX="-0" frameY="-3" frameWidth="195" frameHeight="414" />
  <SubTexture name="idle0009" x="1286" y="8" width="413" height="193" rotated="true" frameX="-0" frameY="-1" frameWidth="195" frameHeight="414" />
  <SubTexture name="idle0011" x="8" y="217" width="414" height="193" rotated="true" frameX="-0" frameY="-0" frameWidth="195" frameHeight="414" />
  <SubTexture name="idle0013" x="438" y="217" width="414" height="193" rotated="true" frameX="-0" frameY="-0" frameWidth="195" frameHeight="414" />
</TextureAtlas>
