{
  "name": "stickers-set-1",
  "artist": "PhantomArcade3K",
  "stickers": {
    "bf": ["bfSticker1", "bfSticker2", "bfSticker3"],
    "dad": ["dadSticker1", "dadSticker2", "dadSticker3"],
    "pico": ["picoSticker1", "picoSticker2", "picoSticker3"],
    "mom": ["momSticker1", "momSticker2", "momSticker3"],
    "monster": ["monsterSticker1", "monsterSticker2", "monsterSticker3"],
    "gf": ["gfSticker1", "gfSticker2", "gfSticker3"]
  },
  "stickerPacks": {
    "bf-gf": ["bf", "gf"],
    "parents": ["dad", "mom"],
    "all": ["bf", "gf", "dad", "mom", "monster", "pico"]
  }
}
